2026-09-12T20:43:01.130Z	Initializing build environment...
2026-09-12T20:43:06.253Z	Success: Finished initializing build environment
2026-09-12T20:43:06.903Z	Cloning repository...
2026-09-12T20:43:14.528Z	No build output detected to cache. Skipping.
2026-09-12T20:43:14.529Z	No dependencies detected to cache. Skipping.
2026-09-12T20:43:14.534Z	Detected the following tools from environment: bun@1.2.15, nodejs@24.18.0
2026-09-12T20:43:14.537Z	Installing project dependencies: bun install
2026-09-12T20:43:15.594Z	bun install v1.2.15 (df017990)
2026-09-12T20:43:15.611Z	Resolving dependencies
2026-09-12T20:43:23.006Z	Resolved, downloaded and extracted [3680]
2026-09-12T20:43:23.007Z	warn: incorrect peer dependency "wrangler@4.116.0"
2026-09-12T20:43:26.219Z	Saved lockfile
2026-09-12T20:43:26.220Z	
2026-09-12T20:43:26.221Z	+ eslint@9.39.5 (v10.10.0 available)
2026-09-12T20:43:26.221Z	+ eslint-config-next@16.3.3 (v16.3.5 available)
2026-09-12T20:43:26.221Z	+ prettier@3.9.6
2026-09-12T20:43:26.222Z	+ tsx@4.22.4 (v4.23.13 available)
2026-09-12T20:43:26.222Z	+ typescript@6.0.3 (v7.0.2 available)
2026-09-12T20:43:26.222Z	+ wrangler@4.116.0 (v4.131.1 available)
2026-09-12T20:43:26.222Z	+ @opennextjs/cloudflare@1.20.6
2026-09-12T20:43:26.222Z	+ @payloadcms/db-d1-sqlite@3.89.0
2026-09-12T20:43:26.222Z	+ @payloadcms/next@3.89.0
2026-09-12T20:43:26.222Z	+ @payloadcms/richtext-lexical@3.89.0
2026-09-12T20:43:26.222Z	+ @payloadcms/storage-r2@3.89.0
2026-09-12T20:43:26.222Z	+ @payloadcms/ui@3.89.0
2026-09-12T20:43:26.227Z	+ cross-env@10.1.0
2026-09-12T20:43:26.227Z	+ graphql@16.14.2 (v17.0.2 available)
2026-09-12T20:43:26.228Z	+ next@16.3.3 (v16.3.5 available)
2026-09-12T20:43:26.228Z	+ payload@3.89.0
2026-09-12T20:43:26.228Z	+ react@19.2.6 (v19.3.0 available)
2026-09-12T20:43:26.228Z	+ react-dom@19.2.6 (v19.3.0 available)
2026-09-12T20:43:26.229Z	
2026-09-12T20:43:26.230Z	907 packages installed [10.83s]
2026-09-12T20:43:26.230Z	
2026-09-12T20:43:26.230Z	Blocked 1 postinstall. Run `bun pm untrusted` for details.
2026-09-12T20:43:26.546Z	Executing user build command: pnpm run build
2026-09-12T20:43:27.738Z	
2026-09-12T20:43:27.739Z	> luckread@ build /opt/buildhome/repo
2026-09-12T20:43:27.739Z	> cross-env NODE_OPTIONS="--no-deprecation --max-old-space-size=8000" next build && opennextjs-cloudflare build
2026-09-12T20:43:27.739Z	
2026-09-12T20:43:28.268Z	▲ Next.js 16.3.3 (Turbopack)
2026-09-12T20:43:28.340Z	✓ Running next.config.ts took 72ms
2026-09-12T20:43:28.341Z	⚠ No build cache found. Please configure build caching for faster rebuilds. Read more: https://nextjs.org/docs/messages/no-cache
2026-09-12T20:43:28.446Z	Attention: Next.js now collects completely anonymous telemetry regarding usage.
2026-09-12T20:43:28.447Z	This information is used to shape Next.js' roadmap and prioritize features.
2026-09-12T20:43:28.447Z	You can learn more, including how to opt-out if you'd not like to participate in this anonymous program, by visiting the following URL:
2026-09-12T20:43:28.447Z	https://nextjs.org/telemetry
2026-09-12T20:43:28.447Z	
2026-09-12T20:43:28.479Z	- Experiments (use with caution):
2026-09-12T20:43:28.480Z	  ⨯ turbopackServerFastRefresh
2026-09-12T20:43:28.480Z	
2026-09-12T20:43:28.561Z	  Creating an optimized production build ...
2026-09-12T20:44:02.402Z	✓ Compiled successfully in 32.7s
2026-09-12T20:44:02.428Z	  Running TypeScript ...
2026-09-12T20:44:02.446Z	
2026-09-12T20:44:02.446Z	  We detected TypeScript in your project and reconfigured your tsconfig.json file for you.
2026-09-12T20:44:02.446Z	  The following suggested values were added to your tsconfig.json. These values can be changed to fit your project's needs:
2026-09-12T20:44:02.446Z	
2026-09-12T20:44:02.447Z	  	- include was updated to add '.next/dev/types/**/*.ts'
2026-09-12T20:44:02.447Z	
2026-09-12T20:44:02.447Z	  The following mandatory changes were made to your tsconfig.json:
2026-09-12T20:44:02.447Z	
2026-09-12T20:44:02.447Z	  	- jsx was set to react-jsx (next.js uses the React automatic runtime)
2026-09-12T20:44:02.447Z	
2026-09-12T20:44:09.741Z	  Finished TypeScript in 7.3s ...
2026-09-12T20:44:09.746Z	  Collecting page data using 3 workers ...
2026-09-12T20:44:12.273Z	⎔ Establishing remote connection...
2026-09-12T20:44:12.391Z	⎔ Establishing remote connection...
2026-09-12T20:44:13.943Z	  Generating static pages using 3 workers (0/2) ...
2026-09-12T20:44:14.158Z	✓ Generating static pages using 3 workers (2/2) in 211ms
2026-09-12T20:44:14.173Z	  Finalizing page optimization ...
2026-09-12T20:44:14.194Z	
2026-09-12T20:44:14.196Z	Route (app)
2026-09-12T20:44:14.198Z	┌ ○ /_not-found
2026-09-12T20:44:14.198Z	├ ƒ /admin/[[...segments]]
2026-09-12T20:44:14.199Z	└ ƒ /api/[...slug]
2026-09-12T20:44:14.199Z	
2026-09-12T20:44:14.199Z	
2026-09-12T20:44:14.199Z	○  (Static)   prerendered as static content
2026-09-12T20:44:14.199Z	ƒ  (Dynamic)  server-rendered on demand
2026-09-12T20:44:14.199Z	
2026-09-12T20:44:16.727Z	
2026-09-12T20:44:16.727Z	┌─────────────────────────────┐
2026-09-12T20:44:16.727Z	│ OpenNext — Cloudflare build │
2026-09-12T20:44:16.727Z	└─────────────────────────────┘
2026-09-12T20:44:16.727Z	
2026-09-12T20:44:16.860Z	App directory: /opt/buildhome/repo
2026-09-12T20:44:16.860Z	Next.js version : 16.3.3
2026-09-12T20:44:16.862Z	@opennextjs/cloudflare version: 1.20.6
2026-09-12T20:44:16.862Z	@opennextjs/aws version: 4.1.4
2026-09-12T20:44:16.862Z	WARN workerd compatibility_date: 2025-08-15, consider updating your wrangler config to a more recent date to benefit from the latest features and fixes.
2026-09-12T20:44:16.864Z	
2026-09-12T20:44:16.864Z	┌─────────────────────────────────┐
2026-09-12T20:44:16.864Z	│ OpenNext — Building Next.js app │
2026-09-12T20:44:16.864Z	└─────────────────────────────────┘
2026-09-12T20:44:16.864Z	
2026-09-12T20:44:17.027Z	$ cross-env NODE_OPTIONS="--no-deprecation --max-old-space-size=8000" next build && opennextjs-cloudflare build
2026-09-12T20:44:17.526Z	▲ Next.js 16.3.3 (Turbopack)
2026-09-12T20:44:17.572Z	✓ Running next.config.ts took 45ms
2026-09-12T20:44:17.643Z	- Experiments (use with caution):
2026-09-12T20:44:17.643Z	  ⨯ turbopackServerFastRefresh
2026-09-12T20:44:17.644Z	
2026-09-12T20:44:17.694Z	  Creating an optimized production build ...
2026-09-12T20:44:25.864Z	✓ Compiled successfully in 7.3s
2026-09-12T20:44:25.869Z	  Running TypeScript ...
2026-09-12T20:44:30.817Z	  Finished TypeScript in 4.9s ...
2026-09-12T20:44:30.824Z	  Collecting page data using 3 workers ...
2026-09-12T20:44:33.453Z	⎔ Establishing remote connection...
2026-09-12T20:44:33.772Z	⎔ Establishing remote connection...
2026-09-12T20:44:35.672Z	  Generating static pages using 3 workers (0/2) ...
2026-09-12T20:44:35.947Z	✓ Generating static pages using 3 workers (2/2) in 274ms
2026-09-12T20:44:35.959Z	  Finalizing page optimization ...
2026-09-12T20:44:36.800Z	
2026-09-12T20:44:36.805Z	Route (app)
2026-09-12T20:44:36.806Z	┌ ○ /_not-found
2026-09-12T20:44:36.806Z	├ ƒ /admin/[[...segments]]
2026-09-12T20:44:36.806Z	└ ƒ /api/[...slug]
2026-09-12T20:44:36.806Z	
2026-09-12T20:44:36.806Z	
2026-09-12T20:44:36.806Z	○  (Static)   prerendered as static content
2026-09-12T20:44:36.806Z	ƒ  (Dynamic)  server-rendered on demand
2026-09-12T20:44:36.806Z	
2026-09-12T20:44:39.401Z	
2026-09-12T20:44:39.407Z	┌─────────────────────────────┐
2026-09-12T20:44:39.407Z	│ OpenNext — Cloudflare build │
2026-09-12T20:44:39.407Z	└─────────────────────────────┘
2026-09-12T20:44:39.407Z	
2026-09-12T20:44:39.608Z	App directory: /opt/buildhome/repo
2026-09-12T20:44:39.608Z	Next.js version : 16.3.3
2026-09-12T20:44:39.610Z	@opennextjs/cloudflare version: 1.20.6
2026-09-12T20:44:39.611Z	@opennextjs/aws version: 4.1.4
2026-09-12T20:44:39.611Z	WARN workerd compatibility_date: 2025-08-15, consider updating your wrangler config to a more recent date to benefit from the latest features and fixes.
2026-09-12T20:44:39.614Z	
2026-09-12T20:44:39.615Z	┌─────────────────────────────────┐
2026-09-12T20:44:39.615Z	│ OpenNext — Building Next.js app │
2026-09-12T20:44:39.615Z	└─────────────────────────────────┘
2026-09-12T20:44:39.615Z	
2026-09-12T20:44:39.641Z	$ cross-env NODE_OPTIONS="--no-deprecation --max-old-space-size=8000" next build && opennextjs-cloudflare build
2026-09-12T20:44:40.391Z	▲ Next.js 16.3.3 (Turbopack)
2026-09-12T20:44:40.479Z	✓ Running next.config.ts took 87ms
2026-09-12T20:44:40.650Z	- Experiments (use with caution):
2026-09-12T20:44:40.651Z	  ⨯ turbopackServerFastRefresh
2026-09-12T20:44:40.652Z	
2026-09-12T20:44:40.714Z	  Creating an optimized production build ...
2026-09-12T20:44:42.630Z	✓ Compiled successfully in 946ms
2026-09-12T20:44:42.635Z	  Running TypeScript ...
2026-09-12T20:44:47.174Z	  Finished TypeScript in 4.5s ...
2026-09-12T20:44:47.183Z	  Collecting page data using 3 workers ...
2026-09-12T20:44:49.630Z	⎔ Establishing remote connection...
2026-09-12T20:44:49.800Z	⎔ Establishing remote connection...
2026-09-12T20:44:51.424Z	  Generating static pages using 3 workers (0/2) ...
2026-09-12T20:44:51.654Z	✓ Generating static pages using 3 workers (2/2) in 230ms
2026-09-12T20:44:51.664Z	  Finalizing page optimization ...
2026-09-12T20:44:52.868Z	
2026-09-12T20:44:52.871Z	Route (app)
2026-09-12T20:44:52.872Z	┌ ○ /_not-found
2026-09-12T20:44:52.872Z	├ ƒ /admin/[[...segments]]
2026-09-12T20:44:52.872Z	└ ƒ /api/[...slug]
2026-09-12T20:44:52.872Z	
2026-09-12T20:44:52.872Z	
2026-09-12T20:44:52.872Z	○  (Static)   prerendered as static content
2026-09-12T20:44:52.872Z	ƒ  (Dynamic)  server-rendered on demand
2026-09-12T20:44:52.872Z	
2026-09-12T20:44:54.891Z	
2026-09-12T20:44:54.891Z	┌─────────────────────────────┐
2026-09-12T20:44:54.891Z	│ OpenNext — Cloudflare build │
2026-09-12T20:44:54.891Z	└─────────────────────────────┘
2026-09-12T20:44:54.891Z	
2026-09-12T20:44:55.021Z	App directory: /opt/buildhome/repo
2026-09-12T20:44:55.021Z	Next.js version : 16.3.3
2026-09-12T20:44:55.023Z	@opennextjs/cloudflare version: 1.20.6
2026-09-12T20:44:55.024Z	@opennextjs/aws version: 4.1.4
2026-09-12T20:44:55.024Z	WARN workerd compatibility_date: 2025-08-15, consider updating your wrangler config to a more recent date to benefit from the latest features and fixes.
2026-09-12T20:44:55.027Z	
2026-09-12T20:44:55.027Z	┌─────────────────────────────────┐
2026-09-12T20:44:55.027Z	│ OpenNext — Building Next.js app │
2026-09-12T20:44:55.027Z	└─────────────────────────────────┘
2026-09-12T20:44:55.027Z	
2026-09-12T20:44:55.044Z	$ cross-env NODE_OPTIONS="--no-deprecation --max-old-space-size=8000" next build && opennextjs-cloudflare build
2026-09-12T20:44:55.540Z	▲ Next.js 16.3.3 (Turbopack)
2026-09-12T20:44:55.585Z	✓ Running next.config.ts took 48ms
2026-09-12T20:44:55.695Z	- Experiments (use with caution):
2026-09-12T20:44:55.695Z	  ⨯ turbopackServerFastRefresh
2026-09-12T20:44:55.696Z	
2026-09-12T20:44:55.737Z	  Creating an optimized production build ...
2026-09-12T20:44:57.462Z	✓ Compiled successfully in 883ms
2026-09-12T20:44:57.466Z	  Running TypeScript ...
2026-09-12T20:45:01.972Z	  Finished TypeScript in 4.5s ...
2026-09-12T20:45:01.981Z	  Collecting page data using 3 workers ...
2026-09-12T20:45:04.163Z	⎔ Establishing remote connection...
2026-09-12T20:45:04.367Z	⎔ Establishing remote connection...
2026-09-12T20:45:06.392Z	  Generating static pages using 3 workers (0/2) ...
2026-09-12T20:45:06.627Z	✓ Generating static pages using 3 workers (2/2) in 236ms
2026-09-12T20:45:06.649Z	  Finalizing page optimization ...
2026-09-12T20:45:09.029Z	
2026-09-12T20:45:09.032Z	Route (app)
2026-09-12T20:45:09.032Z	┌ ○ /_not-found
2026-09-12T20:45:09.032Z	├ ƒ /admin/[[...segments]]
2026-09-12T20:45:09.033Z	└ ƒ /api/[...slug]
2026-09-12T20:45:09.033Z	
2026-09-12T20:45:09.033Z	
2026-09-12T20:45:09.033Z	○  (Static)   prerendered as static content
2026-09-12T20:45:09.033Z	ƒ  (Dynamic)  server-rendered on demand
2026-09-12T20:45:09.033Z	
2026-09-12T20:45:11.379Z	
2026-09-12T20:45:11.380Z	┌─────────────────────────────┐
2026-09-12T20:45:11.382Z	│ OpenNext — Cloudflare build │
2026-09-12T20:45:11.382Z	└─────────────────────────────┘
2026-09-12T20:45:11.382Z	
2026-09-12T20:45:11.514Z	App directory: /opt/buildhome/repo
2026-09-12T20:45:11.514Z	Next.js version : 16.3.3
2026-09-12T20:45:11.518Z	@opennextjs/cloudflare version: 1.20.6
2026-09-12T20:45:11.518Z	@opennextjs/aws version: 4.1.4
2026-09-12T20:45:11.519Z	WARN workerd compatibility_date: 2025-08-15, consider updating your wrangler config to a more recent date to benefit from the latest features and fixes.
2026-09-12T20:45:11.522Z	
2026-09-12T20:45:11.522Z	┌─────────────────────────────────┐
2026-09-12T20:45:11.522Z	│ OpenNext — Building Next.js app │
2026-09-12T20:45:11.522Z	└─────────────────────────────────┘
2026-09-12T20:45:11.522Z	
2026-09-12T20:45:11.544Z	$ cross-env NODE_OPTIONS="--no-deprecation --max-old-space-size=8000" next build && opennextjs-cloudflare build
2026-09-12T20:45:12.161Z	▲ Next.js 16.3.3 (Turbopack)
2026-09-12T20:45:12.226Z	✓ Running next.config.ts took 63ms
2026-09-12T20:45:12.355Z	- Experiments (use with caution):
2026-09-12T20:45:12.355Z	  ⨯ turbopackServerFastRefresh
2026-09-12T20:45:12.356Z	
2026-09-12T20:45:12.401Z	  Creating an optimized production build ...
2026-09-12T20:45:14.371Z	✓ Compiled successfully in 1140ms
2026-09-12T20:45:14.376Z	  Running TypeScript ...
2026-09-12T20:45:18.474Z	  Finished TypeScript in 4.1s ...
2026-09-12T20:45:18.480Z	  Collecting page data using 3 workers ...
2026-09-12T20:45:20.766Z	⎔ Establishing remote connection...
2026-09-12T20:45:20.926Z	⎔ Establishing remote connection...
2026-09-12T20:45:22.598Z	  Generating static pages using 3 workers (0/2) ...
2026-09-12T20:45:22.777Z	✓ Generating static pages using 3 workers (2/2) in 179ms
2026-09-12T20:45:22.793Z	  Finalizing page optimization ...
2026-09-12T20:45:26.000Z	
2026-09-12T20:45:26.003Z	Route (app)
2026-09-12T20:45:26.003Z	┌ ○ /_not-found
2026-09-12T20:45:26.004Z	├ ƒ /admin/[[...segments]]
2026-09-12T20:45:26.004Z	└ ƒ /api/[...slug]
2026-09-12T20:45:26.004Z	
2026-09-12T20:45:26.004Z	
2026-09-12T20:45:26.004Z	○  (Static)   prerendered as static content
2026-09-12T20:45:26.005Z	ƒ  (Dynamic)  server-rendered on demand
2026-09-12T20:45:26.005Z	
2026-09-12T20:45:28.051Z	
2026-09-12T20:45:28.051Z	┌─────────────────────────────┐
2026-09-12T20:45:28.052Z	│ OpenNext — Cloudflare build │
2026-09-12T20:45:28.052Z	└─────────────────────────────┘
2026-09-12T20:45:28.052Z	
2026-09-12T20:45:28.267Z	App directory: /opt/buildhome/repo
2026-09-12T20:45:28.267Z	Next.js version : 16.3.3
2026-09-12T20:45:28.270Z	@opennextjs/cloudflare version: 1.20.6
2026-09-12T20:45:28.270Z	@opennextjs/aws version: 4.1.4
2026-09-12T20:45:28.271Z	WARN workerd compatibility_date: 2025-08-15, consider updating your wrangler config to a more recent date to benefit from the latest features and fixes.
2026-09-12T20:45:28.273Z	
2026-09-12T20:45:28.273Z	┌─────────────────────────────────┐
2026-09-12T20:45:28.274Z	│ OpenNext — Building Next.js app │
2026-09-12T20:45:28.274Z	└─────────────────────────────────┘
2026-09-12T20:45:28.274Z	
2026-09-12T20:45:28.298Z	$ cross-env NODE_OPTIONS="--no-deprecation --max-old-space-size=8000" next build && opennextjs-cloudflare build
2026-09-12T20:45:28.947Z	▲ Next.js 16.3.3 (Turbopack)
2026-09-12T20:45:29.001Z	✓ Running next.config.ts took 54ms
2026-09-12T20:45:29.148Z	- Experiments (use with caution):
2026-09-12T20:45:29.148Z	  ⨯ turbopackServerFastRefresh
2026-09-12T20:45:29.149Z	
2026-09-12T20:45:29.207Z	  Creating an optimized production build ...
2026-09-12T20:45:31.289Z	✓ Compiled successfully in 1220ms
2026-09-12T20:45:31.294Z	  Running TypeScript ...
2026-09-12T20:45:35.293Z	  Finished TypeScript in 4.0s ...
2026-09-12T20:45:35.304Z	  Collecting page data using 3 workers ...
2026-09-12T20:45:37.383Z	⎔ Establishing remote connection...
2026-09-12T20:45:37.546Z	⎔ Establishing remote connection...
2026-09-12T20:45:39.212Z	  Generating static pages using 3 workers (0/2) ...
2026-09-12T20:45:39.512Z	✓ Generating static pages using 3 workers (2/2) in 300ms
2026-09-12T20:45:39.537Z	  Finalizing page optimization ...
2026-09-12T20:45:43.053Z	
2026-09-12T20:45:43.056Z	Route (app)
2026-09-12T20:45:43.057Z	┌ ○ /_not-found
2026-09-12T20:45:43.057Z	├ ƒ /admin/[[...segments]]
2026-09-12T20:45:43.057Z	└ ƒ /api/[...slug]
2026-09-12T20:45:43.057Z	
2026-09-12T20:45:43.057Z	
2026-09-12T20:45:43.057Z	○  (Static)   prerendered as static content
2026-09-12T20:45:43.057Z	ƒ  (Dynamic)  server-rendered on demand
2026-09-12T20:45:43.057Z	
2026-09-12T20:45:45.083Z	
2026-09-12T20:45:45.083Z	┌─────────────────────────────┐
2026-09-12T20:45:45.083Z	│ OpenNext — Cloudflare build │
2026-09-12T20:45:45.083Z	└─────────────────────────────┘
2026-09-12T20:45:45.083Z	
2026-09-12T20:45:45.227Z	App directory: /opt/buildhome/repo
2026-09-12T20:45:45.227Z	Next.js version : 16.3.3
2026-09-12T20:45:45.229Z	@opennextjs/cloudflare version: 1.20.6
2026-09-12T20:45:45.230Z	@opennextjs/aws version: 4.1.4
2026-09-12T20:45:45.230Z	WARN workerd compatibility_date: 2025-08-15, consider updating your wrangler config to a more recent date to benefit from the latest features and fixes.
2026-09-12T20:45:45.234Z	
2026-09-12T20:45:45.234Z	┌─────────────────────────────────┐
2026-09-12T20:45:45.234Z	│ OpenNext — Building Next.js app │
2026-09-12T20:45:45.234Z	└─────────────────────────────────┘
2026-09-12T20:45:45.234Z	
2026-09-12T20:45:45.249Z	$ cross-env NODE_OPTIONS="--no-deprecation --max-old-space-size=8000" next build && opennextjs-cloudflare build
2026-09-12T20:45:45.766Z	▲ Next.js 16.3.3 (Turbopack)
2026-09-12T20:45:45.818Z	✓ Running next.config.ts took 52ms
2026-09-12T20:45:45.953Z	- Experiments (use with caution):
2026-09-12T20:45:45.953Z	  ⨯ turbopackServerFastRefresh
2026-09-12T20:45:45.953Z	
2026-09-12T20:45:45.994Z	  Creating an optimized production build ...
2026-09-12T20:45:48.336Z	✓ Compiled successfully in 1504ms
2026-09-12T20:45:48.340Z	  Running TypeScript ...
2026-09-12T20:45:52.519Z	  Finished TypeScript in 4.2s ...
2026-09-12T20:45:52.530Z	  Collecting page data using 3 workers ...
2026-09-12T20:45:54.715Z	⎔ Establishing remote connection...
2026-09-12T20:45:54.746Z	⎔ Establishing remote connection...
2026-09-12T20:45:56.441Z	  Generating static pages using 3 workers (0/2) ...
2026-09-12T20:45:56.648Z	✓ Generating static pages using 3 workers (2/2) in 207ms
2026-09-12T20:45:56.663Z	  Finalizing page optimization ...
2026-09-12T20:46:00.504Z	
2026-09-12T20:46:00.508Z	Route (app)
2026-09-12T20:46:00.508Z	┌ ○ /_not-found
2026-09-12T20:46:00.508Z	├ ƒ /admin/[[...segments]]
2026-09-12T20:46:00.508Z	└ ƒ /api/[...slug]
2026-09-12T20:46:00.508Z	
2026-09-12T20:46:00.508Z	
2026-09-12T20:46:00.508Z	○  (Static)   prerendered as static content
2026-09-12T20:46:00.508Z	ƒ  (Dynamic)  server-rendered on demand
2026-09-12T20:46:00.508Z	
2026-09-12T20:46:02.426Z	
2026-09-12T20:46:02.426Z	┌─────────────────────────────┐
2026-09-12T20:46:02.426Z	│ OpenNext — Cloudflare build │
2026-09-12T20:46:02.426Z	└─────────────────────────────┘
2026-09-12T20:46:02.426Z	
2026-09-12T20:46:02.588Z	App directory: /opt/buildhome/repo
2026-09-12T20:46:02.588Z	Next.js version : 16.3.3
2026-09-12T20:46:02.591Z	@opennextjs/cloudflare version: 1.20.6
2026-09-12T20:46:02.591Z	@opennextjs/aws version: 4.1.4
2026-09-12T20:46:02.592Z	WARN workerd compatibility_date: 2025-08-15, consider updating your wrangler config to a more recent date to benefit from the latest features and fixes.
2026-09-12T20:46:02.594Z	
2026-09-12T20:46:02.594Z	┌─────────────────────────────────┐
2026-09-12T20:46:02.595Z	│ OpenNext — Building Next.js app │
2026-09-12T20:46:02.595Z	└─────────────────────────────────┘
2026-09-12T20:46:02.595Z	
2026-09-12T20:46:02.615Z	$ cross-env NODE_OPTIONS="--no-deprecation --max-old-space-size=8000" next build && opennextjs-cloudflare build
2026-09-12T20:46:03.133Z	▲ Next.js 16.3.3 (Turbopack)
2026-09-12T20:46:03.178Z	✓ Running next.config.ts took 44ms
2026-09-12T20:46:03.305Z	- Experiments (use with caution):
2026-09-12T20:46:03.306Z	  ⨯ turbopackServerFastRefresh
2026-09-12T20:46:03.306Z	
2026-09-12T20:46:03.352Z	  Creating an optimized production build ...
2026-09-12T20:46:05.630Z	✓ Compiled successfully in 1384ms
2026-09-12T20:46:05.634Z	  Running TypeScript ...
2026-09-12T20:46:09.316Z	  Finished TypeScript in 3.7s ...
2026-09-12T20:46:09.327Z	  Collecting page data using 3 workers ...
2026-09-12T20:46:11.568Z	⎔ Establishing remote connection...
2026-09-12T20:46:11.609Z	⎔ Establishing remote connection...
2026-09-12T20:46:13.122Z	  Generating static pages using 3 workers (0/2) ...
2026-09-12T20:46:13.319Z	✓ Generating static pages using 3 workers (2/2) in 198ms
2026-09-12T20:46:13.328Z	  Finalizing page optimization ...
2026-09-12T20:46:16.649Z	
2026-09-12T20:46:16.652Z	Route (app)
2026-09-12T20:46:16.652Z	┌ ○ /_not-found
2026-09-12T20:46:16.652Z	├ ƒ /admin/[[...segments]]
2026-09-12T20:46:16.652Z	└ ƒ /api/[...slug]
2026-09-12T20:46:16.652Z	
2026-09-12T20:46:16.652Z	
2026-09-12T20:46:16.652Z	○  (Static)   prerendered as static content
2026-09-12T20:46:16.652Z	ƒ  (Dynamic)  server-rendered on demand
2026-09-12T20:46:16.652Z	
2026-09-12T20:46:18.653Z	
2026-09-12T20:46:18.654Z	┌─────────────────────────────┐
2026-09-12T20:46:18.654Z	│ OpenNext — Cloudflare build │
2026-09-12T20:46:18.654Z	└─────────────────────────────┘
2026-09-12T20:46:18.654Z	
2026-09-12T20:46:18.811Z	App directory: /opt/buildhome/repo
2026-09-12T20:46:18.811Z	Next.js version : 16.3.3
2026-09-12T20:46:18.814Z	@opennextjs/cloudflare version: 1.20.6
2026-09-12T20:46:18.814Z	@opennextjs/aws version: 4.1.4
2026-09-12T20:46:18.815Z	WARN workerd compatibility_date: 2025-08-15, consider updating your wrangler config to a more recent date to benefit from the latest features and fixes.
2026-09-12T20:46:18.817Z	
2026-09-12T20:46:18.817Z	┌─────────────────────────────────┐
2026-09-12T20:46:18.817Z	│ OpenNext — Building Next.js app │
2026-09-12T20:46:18.817Z	└─────────────────────────────────┘
2026-09-12T20:46:18.817Z	
2026-09-12T20:46:18.834Z	$ cross-env NODE_OPTIONS="--no-deprecation --max-old-space-size=8000" next build && opennextjs-cloudflare build
2026-09-12T20:46:19.400Z	▲ Next.js 16.3.3 (Turbopack)
2026-09-12T20:46:19.447Z	✓ Running next.config.ts took 47ms
2026-09-12T20:46:19.584Z	- Experiments (use with caution):
2026-09-12T20:46:19.584Z	  ⨯ turbopackServerFastRefresh
2026-09-12T20:46:19.584Z	
2026-09-12T20:46:19.629Z	  Creating an optimized production build ...
2026-09-12T20:46:21.752Z	✓ Compiled successfully in 1312ms
2026-09-12T20:46:21.756Z	  Running TypeScript ...
2026-09-12T20:46:25.675Z	  Finished TypeScript in 3.9s ...
2026-09-12T20:46:25.686Z	  Collecting page data using 3 workers ...
2026-09-12T20:46:27.811Z	⎔ Establishing remote connection...
2026-09-12T20:46:27.976Z	⎔ Establishing remote connection...
2026-09-12T20:46:29.731Z	  Generating static pages using 3 workers (0/2) ...
2026-09-12T20:46:29.936Z	✓ Generating static pages using 3 workers (2/2) in 205ms
2026-09-12T20:46:29.955Z	  Finalizing page optimization ...
2026-09-12T20:46:34.271Z	
2026-09-12T20:46:34.278Z	Route (app)
2026-09-12T20:46:34.278Z	┌ ○ /_not-found
2026-09-12T20:46:34.278Z	├ ƒ /admin/[[...segments]]
2026-09-12T20:46:34.278Z	└ ƒ /api/[...slug]
2026-09-12T20:46:34.278Z	
2026-09-12T20:46:34.278Z	
2026-09-12T20:46:34.279Z	○  (Static)   prerendered as static content
2026-09-12T20:46:34.279Z	ƒ  (Dynamic)  server-rendered on demand
2026-09-12T20:46:34.279Z	
2026-09-12T20:46:36.365Z	
2026-09-12T20:46:36.366Z	┌─────────────────────────────┐
2026-09-12T20:46:36.366Z	│ OpenNext — Cloudflare build │
2026-09-12T20:46:36.366Z	└─────────────────────────────┘
2026-09-12T20:46:36.367Z	
2026-09-12T20:46:36.533Z	App directory: /opt/buildhome/repo
2026-09-12T20:46:36.533Z	Next.js version : 16.3.3
2026-09-12T20:46:36.535Z	@opennextjs/cloudflare version: 1.20.6
2026-09-12T20:46:36.536Z	@opennextjs/aws version: 4.1.4
2026-09-12T20:46:36.536Z	WARN workerd compatibility_date: 2025-08-15, consider updating your wrangler config to a more recent date to benefit from the latest features and fixes.
2026-09-12T20:46:36.538Z	
2026-09-12T20:46:36.538Z	┌─────────────────────────────────┐
2026-09-12T20:46:36.538Z	│ OpenNext — Building Next.js app │
2026-09-12T20:46:36.538Z	└─────────────────────────────────┘
2026-09-12T20:46:36.538Z	
2026-09-12T20:46:36.556Z	$ cross-env NODE_OPTIONS="--no-deprecation --max-old-space-size=8000" next build && opennextjs-cloudflare build
2026-09-12T20:46:37.089Z	▲ Next.js 16.3.3 (Turbopack)
2026-09-12T20:46:37.155Z	✓ Running next.config.ts took 70ms
2026-09-12T20:46:37.306Z	- Experiments (use with caution):
2026-09-12T20:46:37.307Z	  ⨯ turbopackServerFastRefresh
2026-09-12T20:46:37.307Z	
2026-09-12T20:46:37.368Z	  Creating an optimized production build ...
2026-09-12T20:46:40.150Z	✓ Compiled successfully in 1898ms
2026-09-12T20:46:40.155Z	  Running TypeScript ...
2026-09-12T20:46:44.577Z	  Finished TypeScript in 4.4s ...
2026-09-12T20:46:44.588Z	  Collecting page data using 3 workers ...
2026-09-12T20:46:46.823Z	⎔ Establishing remote connection...
2026-09-12T20:46:47.114Z	⎔ Establishing remote connection...
2026-09-12T20:46:48.789Z	  Generating static pages using 3 workers (0/2) ...
2026-09-12T20:46:49.053Z	✓ Generating static pages using 3 workers (2/2) in 264ms
2026-09-12T20:46:49.063Z	  Finalizing page optimization ...
2026-09-12T20:46:52.515Z	
2026-09-12T20:46:52.521Z	Route (app)
2026-09-12T20:46:52.521Z	┌ ○ /_not-found
2026-09-12T20:46:52.521Z	├ ƒ /admin/[[...segments]]
2026-09-12T20:46:52.521Z	└ ƒ /api/[...slug]
2026-09-12T20:46:52.521Z	
2026-09-12T20:46:52.521Z	
2026-09-12T20:46:52.522Z	○  (Static)   prerendered as static content
2026-09-12T20:46:52.522Z	ƒ  (Dynamic)  server-rendered on demand
2026-09-12T20:46:52.522Z	
2026-09-12T20:46:54.560Z	
2026-09-12T20:46:54.561Z	┌─────────────────────────────┐
2026-09-12T20:46:54.561Z	│ OpenNext — Cloudflare build │
2026-09-12T20:46:54.561Z	└─────────────────────────────┘
2026-09-12T20:46:54.561Z	
2026-09-12T20:46:54.683Z	App directory: /opt/buildhome/repo
2026-09-12T20:46:54.683Z	Next.js version : 16.3.3
2026-09-12T20:46:54.685Z	@opennextjs/cloudflare version: 1.20.6
2026-09-12T20:46:54.685Z	@opennextjs/aws version: 4.1.4
2026-09-12T20:46:54.685Z	WARN workerd compatibility_date: 2025-08-15, consider updating your wrangler config to a more recent date to benefit from the latest features and fixes.
2026-09-12T20:46:54.688Z	
2026-09-12T20:46:54.688Z	┌─────────────────────────────────┐
2026-09-12T20:46:54.688Z	│ OpenNext — Building Next.js app │
2026-09-12T20:46:54.688Z	└─────────────────────────────────┘
2026-09-12T20:46:54.688Z	
2026-09-12T20:46:54.703Z	$ cross-env NODE_OPTIONS="--no-deprecation --max-old-space-size=8000" next build && opennextjs-cloudflare build
2026-09-12T20:46:55.289Z	▲ Next.js 16.3.3 (Turbopack)
2026-09-12T20:46:55.337Z	✓ Running next.config.ts took 47ms
2026-09-12T20:46:55.453Z	- Experiments (use with caution):
2026-09-12T20:46:55.454Z	  ⨯ turbopackServerFastRefresh
2026-09-12T20:46:55.455Z	
2026-09-12T20:46:55.494Z	  Creating an optimized production build ...
2026-09-12T20:46:57.654Z	✓ Compiled successfully in 1328ms
2026-09-12T20:46:57.658Z	  Running TypeScript ...
2026-09-12T20:47:01.515Z	  Finished TypeScript in 3.9s ...
2026-09-12T20:47:01.526Z	  Collecting page data using 3 workers ...
2026-09-12T20:47:03.624Z	⎔ Establishing remote connection...
2026-09-12T20:47:03.705Z	⎔ Establishing remote connection...
2026-09-12T20:47:05.526Z	  Generating static pages using 3 workers (0/2) ...
2026-09-12T20:47:05.878Z	✓ Generating static pages using 3 workers (2/2) in 353ms
2026-09-12T20:47:05.906Z	  Finalizing page optimization ...
2026-09-12T20:47:09.821Z	
2026-09-12T20:47:09.824Z	Route (app)
2026-09-12T20:47:09.825Z	┌ ○ /_not-found
2026-09-12T20:47:09.825Z	├ ƒ /admin/[[...segments]]
2026-09-12T20:47:09.825Z	└ ƒ /api/[...slug]
2026-09-12T20:47:09.825Z	
2026-09-12T20:47:09.825Z	
2026-09-12T20:47:09.826Z	○  (Static)   prerendered as static content
2026-09-12T20:47:09.826Z	ƒ  (Dynamic)  server-rendered on demand
2026-09-12T20:47:09.826Z	
2026-09-12T20:47:11.874Z	
2026-09-12T20:47:11.875Z	┌─────────────────────────────┐
2026-09-12T20:47:11.875Z	│ OpenNext — Cloudflare build │
2026-09-12T20:47:11.875Z	└─────────────────────────────┘
2026-09-12T20:47:11.875Z	
2026-09-12T20:47:12.000Z	App directory: /opt/buildhome/repo
2026-09-12T20:47:12.000Z	Next.js version : 16.3.3
2026-09-12T20:47:12.002Z	@opennextjs/cloudflare version: 1.20.6
2026-09-12T20:47:12.002Z	@opennextjs/aws version: 4.1.4
2026-09-12T20:47:12.002Z	WARN workerd compatibility_date: 2025-08-15, consider updating your wrangler config to a more recent date to benefit from the latest features and fixes.
2026-09-12T20:47:12.004Z	
2026-09-12T20:47:12.004Z	┌─────────────────────────────────┐
2026-09-12T20:47:12.004Z	│ OpenNext — Building Next.js app │
2026-09-12T20:47:12.004Z	└─────────────────────────────────┘
2026-09-12T20:47:12.004Z	
2026-09-12T20:47:12.021Z	$ cross-env NODE_OPTIONS="--no-deprecation --max-old-space-size=8000" next build && opennextjs-cloudflare build
2026-09-12T20:47:12.460Z	▲ Next.js 16.3.3 (Turbopack)
2026-09-12T20:47:12.502Z	✓ Running next.config.ts took 41ms
2026-09-12T20:47:12.611Z	- Experiments (use with caution):
2026-09-12T20:47:12.612Z	  ⨯ turbopackServerFastRefresh
2026-09-12T20:47:12.612Z	
2026-09-12T20:47:12.655Z	  Creating an optimized production build ...
2026-09-12T20:47:14.117Z	✓ Compiled successfully in 644ms
2026-09-12T20:47:14.121Z	  Running TypeScript ...
2026-09-12T20:47:18.103Z	  Finished TypeScript in 4.0s ...
2026-09-12T20:47:18.113Z	  Collecting page data using 3 workers ...
2026-09-12T20:47:20.253Z	⎔ Establishing remote connection...
2026-09-12T20:47:20.406Z	⎔ Establishing remote connection...
2026-09-12T20:47:21.989Z	  Generating static pages using 3 workers (0/2) ...
2026-09-12T20:47:22.287Z	✓ Generating static pages using 3 workers (2/2) in 298ms
2026-09-12T20:47:22.307Z	  Finalizing page optimization ...
2026-09-12T20:47:26.036Z	
2026-09-12T20:47:26.040Z	Route (app)
2026-09-12T20:47:26.041Z	┌ ○ /_not-found
2026-09-12T20:47:26.041Z	├ ƒ /admin/[[...segments]]
2026-09-12T20:47:26.041Z	└ ƒ /api/[...slug]
2026-09-12T20:47:26.041Z	
2026-09-12T20:47:26.041Z	
2026-09-12T20:47:26.041Z	○  (Static)   prerendered as static content
2026-09-12T20:47:26.041Z	ƒ  (Dynamic)  server-rendered on demand
2026-09-12T20:47:26.041Z	
2026-09-12T20:47:28.144Z	
2026-09-12T20:47:28.144Z	┌─────────────────────────────┐
2026-09-12T20:47:28.144Z	│ OpenNext — Cloudflare build │
2026-09-12T20:47:28.145Z	└─────────────────────────────┘
2026-09-12T20:47:28.145Z	
2026-09-12T20:47:28.312Z	App directory: /opt/buildhome/repo
2026-09-12T20:47:28.312Z	Next.js version : 16.3.3
2026-09-12T20:47:28.315Z	@opennextjs/cloudflare version: 1.20.6
2026-09-12T20:47:28.315Z	@opennextjs/aws version: 4.1.4
2026-09-12T20:47:28.315Z	WARN workerd compatibility_date: 2025-08-15, consider updating your wrangler config to a more recent date to benefit from the latest features and fixes.
2026-09-12T20:47:28.317Z	
2026-09-12T20:47:28.317Z	┌─────────────────────────────────┐
2026-09-12T20:47:28.318Z	│ OpenNext — Building Next.js app │
2026-09-12T20:47:28.318Z	└─────────────────────────────────┘
2026-09-12T20:47:28.318Z	
2026-09-12T20:47:28.341Z	$ cross-env NODE_OPTIONS="--no-deprecation --max-old-space-size=8000" next build && opennextjs-cloudflare build
2026-09-12T20:47:28.870Z	▲ Next.js 16.3.3 (Turbopack)
2026-09-12T20:47:28.921Z	✓ Running next.config.ts took 50ms
2026-09-12T20:47:29.049Z	- Experiments (use with caution):
2026-09-12T20:47:29.049Z	  ⨯ turbopackServerFastRefresh
2026-09-12T20:47:29.049Z	
2026-09-12T20:47:29.090Z	  Creating an optimized production build ...
2026-09-12T20:47:31.201Z	✓ Compiled successfully in 1263ms
2026-09-12T20:47:31.205Z	  Running TypeScript ...
2026-09-12T20:47:34.531Z	  Finished TypeScript in 3.3s ...
2026-09-12T20:47:34.540Z	  Collecting page data using 3 workers ...
2026-09-12T20:47:36.512Z	⎔ Establishing remote connection...
2026-09-12T20:47:36.526Z	⎔ Establishing remote connection...
2026-09-12T20:47:38.420Z	  Generating static pages using 3 workers (0/2) ...
2026-09-12T20:47:38.710Z	✓ Generating static pages using 3 workers (2/2) in 291ms
2026-09-12T20:47:38.734Z	  Finalizing page optimization ...
2026-09-12T20:47:42.530Z	
2026-09-12T20:47:42.533Z	Route (app)
2026-09-12T20:47:42.534Z	┌ ○ /_not-found
2026-09-12T20:47:42.534Z	├ ƒ /admin/[[...segments]]
2026-09-12T20:47:42.534Z	└ ƒ /api/[...slug]
2026-09-12T20:47:42.534Z	
2026-09-12T20:47:42.534Z	
2026-09-12T20:47:42.534Z	○  (Static)   prerendered as static content
2026-09-12T20:47:42.534Z	ƒ  (Dynamic)  server-rendered on demand
2026-09-12T20:47:42.534Z	
2026-09-12T20:47:44.437Z	
2026-09-12T20:47:44.437Z	┌─────────────────────────────┐
2026-09-12T20:47:44.438Z	│ OpenNext — Cloudflare build │
2026-09-12T20:47:44.438Z	└─────────────────────────────┘
2026-09-12T20:47:44.438Z	
2026-09-12T20:47:44.603Z	App directory: /opt/buildhome/repo
2026-09-12T20:47:44.604Z	Next.js version : 16.3.3
2026-09-12T20:47:44.605Z	@opennextjs/cloudflare version: 1.20.6
2026-09-12T20:47:44.606Z	@opennextjs/aws version: 4.1.4
2026-09-12T20:47:44.606Z	WARN workerd compatibility_date: 2025-08-15, consider updating your wrangler config to a more recent date to benefit from the latest features and fixes.
2026-09-12T20:47:44.607Z	
2026-09-12T20:47:44.607Z	┌─────────────────────────────────┐
2026-09-12T20:47:44.608Z	│ OpenNext — Building Next.js app │
2026-09-12T20:47:44.608Z	└─────────────────────────────────┘
2026-09-12T20:47:44.608Z	
2026-09-12T20:47:44.630Z	$ cross-env NODE_OPTIONS="--no-deprecation --max-old-space-size=8000" next build && opennextjs-cloudflare build
2026-09-12T20:47:45.082Z	▲ Next.js 16.3.3 (Turbopack)
2026-09-12T20:47:45.121Z	✓ Running next.config.ts took 41ms
2026-09-12T20:47:45.234Z	- Experiments (use with caution):
2026-09-12T20:47:45.237Z	  ⨯ turbopackServerFastRefresh
2026-09-12T20:47:45.237Z	
2026-09-12T20:47:45.274Z	  Creating an optimized production build ...
2026-09-12T20:47:47.352Z	✓ Compiled successfully in 1260ms
2026-09-12T20:47:47.359Z	  Running TypeScript ...
2026-09-12T20:47:51.717Z	  Finished TypeScript in 4.4s ...
2026-09-12T20:47:51.725Z	  Collecting page data using 3 workers ...
2026-09-12T20:47:53.925Z	⎔ Establishing remote connection...
2026-09-12T20:47:53.980Z	⎔ Establishing remote connection...
2026-09-12T20:47:55.676Z	  Generating static pages using 3 workers (0/2) ...
2026-09-12T20:47:55.905Z	✓ Generating static pages using 3 workers (2/2) in 227ms
2026-09-12T20:47:55.923Z	  Finalizing page optimization ...
2026-09-12T20:47:59.485Z	
2026-09-12T20:47:59.489Z	Route (app)
2026-09-12T20:47:59.490Z	┌ ○ /_not-found
2026-09-12T20:47:59.490Z	├ ƒ /admin/[[...segments]]
2026-09-12T20:47:59.490Z	└ ƒ /api/[...slug]
2026-09-12T20:47:59.490Z	
2026-09-12T20:47:59.490Z	
2026-09-12T20:47:59.490Z	○  (Static)   prerendered as static content
2026-09-12T20:47:59.490Z	ƒ  (Dynamic)  server-rendered on demand
2026-09-12T20:47:59.490Z	
2026-09-12T20:48:01.331Z	
2026-09-12T20:48:01.332Z	┌─────────────────────────────┐
2026-09-12T20:48:01.332Z	│ OpenNext — Cloudflare build │
2026-09-12T20:48:01.332Z	└─────────────────────────────┘
2026-09-12T20:48:01.332Z	
2026-09-12T20:48:01.492Z	App directory: /opt/buildhome/repo
2026-09-12T20:48:01.493Z	Next.js version : 16.3.3
2026-09-12T20:48:01.495Z	@opennextjs/cloudflare version: 1.20.6
2026-09-12T20:48:01.495Z	@opennextjs/aws version: 4.1.4
2026-09-12T20:48:01.495Z	WARN workerd compatibility_date: 2025-08-15, consider updating your wrangler config to a more recent date to benefit from the latest features and fixes.
2026-09-12T20:48:01.497Z	
2026-09-12T20:48:01.497Z	┌─────────────────────────────────┐
2026-09-12T20:48:01.497Z	│ OpenNext — Building Next.js app │
2026-09-12T20:48:01.497Z	└─────────────────────────────────┘
2026-09-12T20:48:01.497Z	
2026-09-12T20:48:01.520Z	$ cross-env NODE_OPTIONS="--no-deprecation --max-old-space-size=8000" next build && opennextjs-cloudflare build
2026-09-12T20:48:02.060Z	▲ Next.js 16.3.3 (Turbopack)
2026-09-12T20:48:02.102Z	✓ Running next.config.ts took 41ms
2026-09-12T20:48:02.253Z	- Experiments (use with caution):
2026-09-12T20:48:02.254Z	  ⨯ turbopackServerFastRefresh
2026-09-12T20:48:02.254Z	
2026-09-12T20:48:02.300Z	  Creating an optimized production build ...
2026-09-12T20:48:04.557Z	✓ Compiled successfully in 1440ms
2026-09-12T20:48:04.567Z	  Running TypeScript ...
2026-09-12T20:48:09.200Z	  Finished TypeScript in 4.6s ...
2026-09-12T20:48:09.212Z	  Collecting page data using 3 workers ...
2026-09-12T20:48:11.238Z	⎔ Establishing remote connection...
2026-09-12T20:48:11.586Z	⎔ Establishing remote connection...
2026-09-12T20:48:13.275Z	  Generating static pages using 3 workers (0/2) ...
2026-09-12T20:48:13.574Z	✓ Generating static pages using 3 workers (2/2) in 298ms
2026-09-12T20:48:13.597Z	  Finalizing page optimization ...
2026-09-12T20:48:17.505Z	
2026-09-12T20:48:17.510Z	Route (app)
2026-09-12T20:48:17.510Z	┌ ○ /_not-found
2026-09-12T20:48:17.511Z	├ ƒ /admin/[[...segments]]
2026-09-12T20:48:17.511Z	└ ƒ /api/[...slug]
2026-09-12T20:48:17.511Z	
2026-09-12T20:48:17.511Z	
2026-09-12T20:48:17.511Z	○  (Static)   prerendered as static content
2026-09-12T20:48:17.511Z	ƒ  (Dynamic)  server-rendered on demand
2026-09-12T20:48:17.511Z	
2026-09-12T20:48:19.378Z	
2026-09-12T20:48:19.378Z	┌─────────────────────────────┐
2026-09-12T20:48:19.378Z	│ OpenNext — Cloudflare build │
2026-09-12T20:48:19.378Z	└─────────────────────────────┘
2026-09-12T20:48:19.378Z	
2026-09-12T20:48:19.528Z	App directory: /opt/buildhome/repo
2026-09-12T20:48:19.528Z	Next.js version : 16.3.3
2026-09-12T20:48:19.531Z	@opennextjs/cloudflare version: 1.20.6
2026-09-12T20:48:19.531Z	@opennextjs/aws version: 4.1.4
2026-09-12T20:48:19.532Z	WARN workerd compatibility_date: 2025-08-15, consider updating your wrangler config to a more recent date to benefit from the latest features and fixes.
2026-09-12T20:48:19.534Z	
2026-09-12T20:48:19.534Z	┌─────────────────────────────────┐
2026-09-12T20:48:19.535Z	│ OpenNext — Building Next.js app │
2026-09-12T20:48:19.535Z	└─────────────────────────────────┘
2026-09-12T20:48:19.535Z	
2026-09-12T20:48:19.556Z	$ cross-env NODE_OPTIONS="--no-deprecation --max-old-space-size=8000" next build && opennextjs-cloudflare build
2026-09-12T20:48:20.201Z	▲ Next.js 16.3.3 (Turbopack)
2026-09-12T20:48:20.269Z	✓ Running next.config.ts took 78ms
2026-09-12T20:48:20.414Z	- Experiments (use with caution):
2026-09-12T20:48:20.414Z	  ⨯ turbopackServerFastRefresh
2026-09-12T20:48:20.414Z	
2026-09-12T20:48:20.469Z	  Creating an optimized production build ...
2026-09-12T20:48:22.260Z	✓ Compiled successfully in 884ms
2026-09-12T20:48:22.266Z	  Running TypeScript ...
2026-09-12T20:48:26.043Z	  Finished TypeScript in 3.8s ...
2026-09-12T20:48:26.053Z	  Collecting page data using 3 workers ...
2026-09-12T20:48:28.171Z	⎔ Establishing remote connection...
2026-09-12T20:48:28.267Z	⎔ Establishing remote connection...
2026-09-12T20:48:29.930Z	  Generating static pages using 3 workers (0/2) ...
2026-09-12T20:48:30.150Z	✓ Generating static pages using 3 workers (2/2) in 217ms
2026-09-12T20:48:30.172Z	  Finalizing page optimization ...
2026-09-12T20:48:34.005Z	
2026-09-12T20:48:34.007Z	Route (app)
2026-09-12T20:48:34.007Z	┌ ○ /_not-found
2026-09-12T20:48:34.008Z	├ ƒ /admin/[[...segments]]
2026-09-12T20:48:34.008Z	└ ƒ /api/[...slug]
2026-09-12T20:48:34.008Z	
2026-09-12T20:48:34.008Z	
2026-09-12T20:48:34.008Z	○  (Static)   prerendered as static content
2026-09-12T20:48:34.008Z	ƒ  (Dynamic)  server-rendered on demand
2026-09-12T20:48:34.008Z	
2026-09-12T20:48:36.032Z	
2026-09-12T20:48:36.032Z	┌─────────────────────────────┐
2026-09-12T20:48:36.033Z	│ OpenNext — Cloudflare build │
2026-09-12T20:48:36.033Z	└─────────────────────────────┘
2026-09-12T20:48:36.033Z	
2026-09-12T20:48:36.198Z	App directory: /opt/buildhome/repo
2026-09-12T20:48:36.199Z	Next.js version : 16.3.3
2026-09-12T20:48:36.204Z	@opennextjs/cloudflare version: 1.20.6
2026-09-12T20:48:36.205Z	@opennextjs/aws version: 4.1.4
2026-09-12T20:48:36.205Z	WARN workerd compatibility_date: 2025-08-15, consider updating your wrangler config to a more recent date to benefit from the latest features and fixes.
2026-09-12T20:48:36.208Z	
2026-09-12T20:48:36.209Z	┌─────────────────────────────────┐
2026-09-12T20:48:36.209Z	│ OpenNext — Building Next.js app │
2026-09-12T20:48:36.209Z	└─────────────────────────────────┘
2026-09-12T20:48:36.209Z	
2026-09-12T20:48:36.232Z	$ cross-env NODE_OPTIONS="--no-deprecation --max-old-space-size=8000" next build && opennextjs-cloudflare build
2026-09-12T20:48:36.794Z	▲ Next.js 16.3.3 (Turbopack)
2026-09-12T20:48:36.846Z	✓ Running next.config.ts took 51ms
2026-09-12T20:48:36.951Z	- Experiments (use with caution):
2026-09-12T20:48:36.952Z	  ⨯ turbopackServerFastRefresh
2026-09-12T20:48:36.952Z	
2026-09-12T20:48:36.985Z	  Creating an optimized production build ...
2026-09-12T20:48:39.156Z	✓ Compiled successfully in 1362ms
2026-09-12T20:48:39.161Z	  Running TypeScript ...
2026-09-12T20:48:43.105Z	  Finished TypeScript in 3.9s ...
2026-09-12T20:48:43.119Z	  Collecting page data using 3 workers ...
2026-09-12T20:48:45.117Z	⎔ Establishing remote connection...
2026-09-12T20:48:45.189Z	⎔ Establishing remote connection...
2026-09-12T20:48:46.804Z	  Generating static pages using 3 workers (0/2) ...
2026-09-12T20:48:47.024Z	✓ Generating static pages using 3 workers (2/2) in 220ms
2026-09-12T20:48:47.046Z	  Finalizing page optimization ...
2026-09-12T20:48:50.166Z	
2026-09-12T20:48:50.170Z	Route (app)
2026-09-12T20:48:50.171Z	┌ ○ /_not-found
2026-09-12T20:48:50.171Z	├ ƒ /admin/[[...segments]]
2026-09-12T20:48:50.171Z	└ ƒ /api/[...slug]
2026-09-12T20:48:50.171Z	
2026-09-12T20:48:50.171Z	
2026-09-12T20:48:50.171Z	○  (Static)   prerendered as static content
2026-09-12T20:48:50.171Z	ƒ  (Dynamic)  server-rendered on demand
2026-09-12T20:48:50.171Z	
2026-09-12T20:48:51.991Z	
2026-09-12T20:48:51.991Z	┌─────────────────────────────┐
2026-09-12T20:48:51.991Z	│ OpenNext — Cloudflare build │
2026-09-12T20:48:51.991Z	└─────────────────────────────┘
2026-09-12T20:48:51.991Z	
2026-09-12T20:48:52.116Z	App directory: /opt/buildhome/repo
2026-09-12T20:48:52.116Z	Next.js version : 16.3.3
2026-09-12T20:48:52.118Z	@opennextjs/cloudflare version: 1.20.6
2026-09-12T20:48:52.118Z	@opennextjs/aws version: 4.1.4
2026-09-12T20:48:52.118Z	WARN workerd compatibility_date: 2025-08-15, consider updating your wrangler config to a more recent date to benefit from the latest features and fixes.
2026-09-12T20:48:52.119Z	
2026-09-12T20:48:52.119Z	┌─────────────────────────────────┐
2026-09-12T20:48:52.119Z	│ OpenNext — Building Next.js app │
2026-09-12T20:48:52.119Z	└─────────────────────────────────┘
2026-09-12T20:48:52.119Z	
2026-09-12T20:48:52.134Z	$ cross-env NODE_OPTIONS="--no-deprecation --max-old-space-size=8000" next build && opennextjs-cloudflare build
2026-09-12T20:48:52.605Z	▲ Next.js 16.3.3 (Turbopack)
2026-09-12T20:48:52.648Z	✓ Running next.config.ts took 42ms
2026-09-12T20:48:52.765Z	- Experiments (use with caution):
2026-09-12T20:48:52.765Z	  ⨯ turbopackServerFastRefresh
2026-09-12T20:48:52.765Z	
2026-09-12T20:48:52.811Z	  Creating an optimized production build ...
2026-09-12T20:48:55.012Z	✓ Compiled successfully in 1359ms
2026-09-12T20:48:55.017Z	  Running TypeScript ...
2026-09-12T20:48:59.054Z	  Finished TypeScript in 4.0s ...
2026-09-12T20:48:59.068Z	  Collecting page data using 3 workers ...
2026-09-12T20:49:01.328Z	⎔ Establishing remote connection...
2026-09-12T20:49:01.403Z	⎔ Establishing remote connection...
2026-09-12T20:49:03.208Z	  Generating static pages using 3 workers (0/2) ...
2026-09-12T20:49:03.501Z	✓ Generating static pages using 3 workers (2/2) in 293ms
2026-09-12T20:49:03.524Z	  Finalizing page optimization ...
2026-09-12T20:49:07.444Z	
2026-09-12T20:49:07.448Z	Route (app)
2026-09-12T20:49:07.448Z	┌ ○ /_not-found
2026-09-12T20:49:07.448Z	├ ƒ /admin/[[...segments]]
2026-09-12T20:49:07.448Z	└ ƒ /api/[...slug]
2026-09-12T20:49:07.448Z	
2026-09-12T20:49:07.448Z	
2026-09-12T20:49:07.449Z	○  (Static)   prerendered as static content
2026-09-12T20:49:07.449Z	ƒ  (Dynamic)  server-rendered on demand
2026-09-12T20:49:07.449Z	
2026-09-12T20:49:09.239Z	
2026-09-12T20:49:09.240Z	┌─────────────────────────────┐
2026-09-12T20:49:09.240Z	│ OpenNext — Cloudflare build │
2026-09-12T20:49:09.240Z	└─────────────────────────────┘
2026-09-12T20:49:09.240Z	
2026-09-12T20:49:09.434Z	App directory: /opt/buildhome/repo
2026-09-12T20:49:09.435Z	Next.js version : 16.3.3
2026-09-12T20:49:09.436Z	@opennextjs/cloudflare version: 1.20.6
2026-09-12T20:49:09.436Z	@opennextjs/aws version: 4.1.4
2026-09-12T20:49:09.437Z	WARN workerd compatibility_date: 2025-08-15, consider updating your wrangler config to a more recent date to benefit from the latest features and fixes.
2026-09-12T20:49:09.438Z	
2026-09-12T20:49:09.438Z	┌─────────────────────────────────┐
2026-09-12T20:49:09.438Z	│ OpenNext — Building Next.js app │
2026-09-12T20:49:09.439Z	└─────────────────────────────────┘
2026-09-12T20:49:09.439Z	
2026-09-12T20:49:09.458Z	$ cross-env NODE_OPTIONS="--no-deprecation --max-old-space-size=8000" next build && opennextjs-cloudflare build
2026-09-12T20:49:10.017Z	▲ Next.js 16.3.3 (Turbopack)
2026-09-12T20:49:10.066Z	✓ Running next.config.ts took 53ms
2026-09-12T20:49:10.204Z	- Experiments (use with caution):
2026-09-12T20:49:10.205Z	  ⨯ turbopackServerFastRefresh
2026-09-12T20:49:10.205Z	
2026-09-12T20:49:10.256Z	  Creating an optimized production build ...
2026-09-12T20:49:12.620Z	✓ Compiled successfully in 1533ms
2026-09-12T20:49:12.628Z	  Running TypeScript ...
2026-09-12T20:49:16.857Z	  Finished TypeScript in 4.2s ...
2026-09-12T20:49:16.869Z	  Collecting page data using 3 workers ...
2026-09-12T20:49:18.991Z	⎔ Establishing remote connection...
2026-09-12T20:49:19.058Z	⎔ Establishing remote connection...
2026-09-12T20:49:20.763Z	  Generating static pages using 3 workers (0/2) ...
2026-09-12T20:49:20.955Z	✓ Generating static pages using 3 workers (2/2) in 192ms
2026-09-12T20:49:20.966Z	  Finalizing page optimization ...
2026-09-12T20:49:24.325Z	
2026-09-12T20:49:24.328Z	Route (app)
2026-09-12T20:49:24.328Z	┌ ○ /_not-found
2026-09-12T20:49:24.328Z	├ ƒ /admin/[[...segments]]
2026-09-12T20:49:24.328Z	└ ƒ /api/[...slug]
2026-09-12T20:49:24.328Z	
2026-09-12T20:49:24.328Z	
2026-09-12T20:49:24.328Z	○  (Static)   prerendered as static content
2026-09-12T20:49:24.328Z	ƒ  (Dynamic)  server-rendered on demand
2026-09-12T20:49:24.328Z	
2026-09-12T20:49:26.360Z	
2026-09-12T20:49:26.367Z	┌─────────────────────────────┐
2026-09-12T20:49:26.367Z	│ OpenNext — Cloudflare build │
2026-09-12T20:49:26.368Z	└─────────────────────────────┘
2026-09-12T20:49:26.368Z	
2026-09-12T20:49:26.530Z	App directory: /opt/buildhome/repo
2026-09-12T20:49:26.531Z	Next.js version : 16.3.3
2026-09-12T20:49:26.533Z	@opennextjs/cloudflare version: 1.20.6
2026-09-12T20:49:26.533Z	@opennextjs/aws version: 4.1.4
2026-09-12T20:49:26.533Z	WARN workerd compatibility_date: 2025-08-15, consider updating your wrangler config to a more recent date to benefit from the latest features and fixes.
2026-09-12T20:49:26.536Z	
2026-09-12T20:49:26.536Z	┌─────────────────────────────────┐
2026-09-12T20:49:26.536Z	│ OpenNext — Building Next.js app │
2026-09-12T20:49:26.536Z	└─────────────────────────────────┘
2026-09-12T20:49:26.536Z	
2026-09-12T20:49:26.561Z	$ cross-env NODE_OPTIONS="--no-deprecation --max-old-space-size=8000" next build && opennextjs-cloudflare build
2026-09-12T20:49:27.150Z	▲ Next.js 16.3.3 (Turbopack)
2026-09-12T20:49:27.204Z	✓ Running next.config.ts took 52ms
2026-09-12T20:49:27.333Z	- Experiments (use with caution):
2026-09-12T20:49:27.333Z	  ⨯ turbopackServerFastRefresh
2026-09-12T20:49:27.333Z	
2026-09-12T20:49:27.385Z	  Creating an optimized production build ...
2026-09-12T20:49:29.728Z	✓ Compiled successfully in 1483ms
2026-09-12T20:49:29.733Z	  Running TypeScript ...
2026-09-12T20:49:33.979Z	  Finished TypeScript in 4.2s ...
2026-09-12T20:49:33.993Z	  Collecting page data using 3 workers ...
2026-09-12T20:49:36.357Z	⎔ Establishing remote connection...
2026-09-12T20:49:36.403Z	⎔ Establishing remote connection...
2026-09-12T20:49:38.259Z	  Generating static pages using 3 workers (0/2) ...
2026-09-12T20:49:38.490Z	✓ Generating static pages using 3 workers (2/2) in 231ms
2026-09-12T20:49:38.512Z	  Finalizing page optimization ...
2026-09-12T20:49:42.424Z	
2026-09-12T20:49:42.427Z	Route (app)
2026-09-12T20:49:42.427Z	┌ ○ /_not-found
2026-09-12T20:49:42.427Z	├ ƒ /admin/[[...segments]]
2026-09-12T20:49:42.427Z	└ ƒ /api/[...slug]
2026-09-12T20:49:42.427Z	
2026-09-12T20:49:42.427Z	
2026-09-12T20:49:42.427Z	○  (Static)   prerendered as static content
2026-09-12T20:49:42.427Z	ƒ  (Dynamic)  server-rendered on demand
2026-09-12T20:49:42.427Z	
2026-09-12T20:49:44.738Z	
2026-09-12T20:49:44.738Z	┌─────────────────────────────┐
2026-09-12T20:49:44.738Z	│ OpenNext — Cloudflare build │
2026-09-12T20:49:44.738Z	└─────────────────────────────┘
2026-09-12T20:49:44.738Z	
2026-09-12T20:49:44.892Z	App directory: /opt/buildhome/repo
2026-09-12T20:49:44.892Z	Next.js version : 16.3.3
2026-09-12T20:49:44.895Z	@opennextjs/cloudflare version: 1.20.6
2026-09-12T20:49:44.895Z	@opennextjs/aws version: 4.1.4
2026-09-12T20:49:44.896Z	WARN workerd compatibility_date: 2025-08-15, consider updating your wrangler config to a more recent date to benefit from the latest features and fixes.
2026-09-12T20:49:44.898Z	
2026-09-12T20:49:44.899Z	┌─────────────────────────────────┐
2026-09-12T20:49:44.899Z	│ OpenNext — Building Next.js app │
2026-09-12T20:49:44.899Z	└─────────────────────────────────┘
2026-09-12T20:49:44.899Z	
2026-09-12T20:49:44.918Z	$ cross-env NODE_OPTIONS="--no-deprecation --max-old-space-size=8000" next build && opennextjs-cloudflare build
2026-09-12T20:49:45.426Z	▲ Next.js 16.3.3 (Turbopack)
2026-09-12T20:49:45.477Z	✓ Running next.config.ts took 50ms
2026-09-12T20:49:45.619Z	- Experiments (use with caution):
2026-09-12T20:49:45.620Z	  ⨯ turbopackServerFastRefresh
2026-09-12T20:49:45.620Z	
2026-09-12T20:49:45.684Z	  Creating an optimized production build ...
2026-09-12T20:49:47.883Z	✓ Compiled successfully in 1350ms
2026-09-12T20:49:47.888Z	  Running TypeScript ...
2026-09-12T20:49:52.097Z	  Finished TypeScript in 4.2s ...
2026-09-12T20:49:52.102Z	  Collecting page data using 3 workers ...
2026-09-12T20:49:54.186Z	⎔ Establishing remote connection...
2026-09-12T20:49:54.505Z	⎔ Establishing remote connection...
2026-09-12T20:49:56.288Z	  Generating static pages using 3 workers (0/2) ...
2026-09-12T20:49:56.596Z	✓ Generating static pages using 3 workers (2/2) in 303ms
2026-09-12T20:49:56.611Z	  Finalizing page optimization ...
2026-09-12T20:50:00.052Z	
2026-09-12T20:50:00.056Z	Route (app)
2026-09-12T20:50:00.056Z	┌ ○ /_not-found
2026-09-12T20:50:00.056Z	├ ƒ /admin/[[...segments]]
2026-09-12T20:50:00.056Z	└ ƒ /api/[...slug]
2026-09-12T20:50:00.056Z	
2026-09-12T20:50:00.056Z	
2026-09-12T20:50:00.056Z	○  (Static)   prerendered as static content
2026-09-12T20:50:00.056Z	ƒ  (Dynamic)  server-rendered on demand
2026-09-12T20:50:00.056Z	
2026-09-12T20:50:01.922Z	
2026-09-12T20:50:01.923Z	┌─────────────────────────────┐
2026-09-12T20:50:01.923Z	│ OpenNext — Cloudflare build │
2026-09-12T20:50:01.923Z	└─────────────────────────────┘
2026-09-12T20:50:01.923Z	
2026-09-12T20:50:02.100Z	App directory: /opt/buildhome/repo
2026-09-12T20:50:02.100Z	Next.js version : 16.3.3
2026-09-12T20:50:02.103Z	@opennextjs/cloudflare version: 1.20.6
2026-09-12T20:50:02.104Z	@opennextjs/aws version: 4.1.4
2026-09-12T20:50:02.104Z	WARN workerd compatibility_date: 2025-08-15, consider updating your wrangler config to a more recent date to benefit from the latest features and fixes.
2026-09-12T20:50:02.107Z	
2026-09-12T20:50:02.107Z	┌─────────────────────────────────┐
2026-09-12T20:50:02.108Z	│ OpenNext — Building Next.js app │
2026-09-12T20:50:02.108Z	└─────────────────────────────────┘
2026-09-12T20:50:02.108Z	
2026-09-12T20:50:02.130Z	$ cross-env NODE_OPTIONS="--no-deprecation --max-old-space-size=8000" next build && opennextjs-cloudflare build
2026-09-12T20:50:02.741Z	▲ Next.js 16.3.3 (Turbopack)
2026-09-12T20:50:02.802Z	✓ Running next.config.ts took 58ms
2026-09-12T20:50:02.932Z	- Experiments (use with caution):
2026-09-12T20:50:02.932Z	  ⨯ turbopackServerFastRefresh
2026-09-12T20:50:02.932Z	
2026-09-12T20:50:02.978Z	  Creating an optimized production build ...
2026-09-12T20:50:05.252Z	✓ Compiled successfully in 1436ms
2026-09-12T20:50:05.260Z	  Running TypeScript ...
2026-09-12T20:50:09.574Z	  Finished TypeScript in 4.3s ...
2026-09-12T20:50:09.591Z	  Collecting page data using 3 workers ...
2026-09-12T20:50:11.649Z	⎔ Establishing remote connection...
2026-09-12T20:50:11.823Z	⎔ Establishing remote connection...
2026-09-12T20:50:13.673Z	  Generating static pages using 3 workers (0/2) ...
2026-09-12T20:50:13.970Z	✓ Generating static pages using 3 workers (2/2) in 297ms
2026-09-12T20:50:13.993Z	  Finalizing page optimization ...
2026-09-12T20:50:17.786Z	
2026-09-12T20:50:17.788Z	Route (app)
2026-09-12T20:50:17.789Z	┌ ○ /_not-found
2026-09-12T20:50:17.789Z	├ ƒ /admin/[[...segments]]
2026-09-12T20:50:17.789Z	└ ƒ /api/[...slug]
2026-09-12T20:50:17.789Z	
2026-09-12T20:50:17.789Z	
2026-09-12T20:50:17.789Z	○  (Static)   prerendered as static content
2026-09-12T20:50:17.789Z	ƒ  (Dynamic)  server-rendered on demand
2026-09-12T20:50:17.789Z	
2026-09-12T20:50:19.769Z	
2026-09-12T20:50:19.770Z	┌─────────────────────────────┐
2026-09-12T20:50:19.770Z	│ OpenNext — Cloudflare build │
2026-09-12T20:50:19.771Z	└─────────────────────────────┘
2026-09-12T20:50:19.771Z	
2026-09-12T20:50:19.942Z	App directory: /opt/buildhome/repo
2026-09-12T20:50:19.943Z	Next.js version : 16.3.3
2026-09-12T20:50:19.945Z	@opennextjs/cloudflare version: 1.20.6
2026-09-12T20:50:19.946Z	@opennextjs/aws version: 4.1.4
2026-09-12T20:50:19.946Z	WARN workerd compatibility_date: 2025-08-15, consider updating your wrangler config to a more recent date to benefit from the latest features and fixes.
2026-09-12T20:50:19.949Z	
2026-09-12T20:50:19.949Z	┌─────────────────────────────────┐
2026-09-12T20:50:19.950Z	│ OpenNext — Building Next.js app │
2026-09-12T20:50:19.950Z	└─────────────────────────────────┘
2026-09-12T20:50:19.950Z	
2026-09-12T20:50:19.977Z	$ cross-env NODE_OPTIONS="--no-deprecation --max-old-space-size=8000" next build && opennextjs-cloudflare build
2026-09-12T20:50:20.627Z	▲ Next.js 16.3.3 (Turbopack)
2026-09-12T20:50:20.701Z	✓ Running next.config.ts took 73ms
2026-09-12T20:50:20.835Z	- Experiments (use with caution):
2026-09-12T20:50:20.835Z	  ⨯ turbopackServerFastRefresh
2026-09-12T20:50:20.835Z	
2026-09-12T20:50:20.877Z	  Creating an optimized production build ...
2026-09-12T20:50:22.575Z	✓ Compiled successfully in 824ms
2026-09-12T20:50:22.579Z	  Running TypeScript ...
2026-09-12T20:50:26.966Z	  Finished TypeScript in 4.4s ...
2026-09-12T20:50:26.980Z	  Collecting page data using 3 workers ...
2026-09-12T20:50:29.586Z	⎔ Establishing remote connection...
2026-09-12T20:50:29.726Z	⎔ Establishing remote connection...
2026-09-12T20:50:31.457Z	  Generating static pages using 3 workers (0/2) ...
2026-09-12T20:50:31.688Z	✓ Generating static pages using 3 workers (2/2) in 232ms
2026-09-12T20:50:31.712Z	  Finalizing page optimization ...
2026-09-12T20:50:35.729Z	
2026-09-12T20:50:35.733Z	Route (app)
2026-09-12T20:50:35.734Z	┌ ○ /_not-found
2026-09-12T20:50:35.734Z	├ ƒ /admin/[[...segments]]
2026-09-12T20:50:35.734Z	└ ƒ /api/[...slug]
2026-09-12T20:50:35.734Z	
2026-09-12T20:50:35.734Z	
2026-09-12T20:50:35.735Z	○  (Static)   prerendered as static content
2026-09-12T20:50:35.735Z	ƒ  (Dynamic)  server-rendered on demand
2026-09-12T20:50:35.735Z	
2026-09-12T20:50:37.756Z	
2026-09-12T20:50:37.756Z	┌─────────────────────────────┐
2026-09-12T20:50:37.756Z	│ OpenNext — Cloudflare build │
2026-09-12T20:50:37.758Z	└─────────────────────────────┘
2026-09-12T20:50:37.758Z	
2026-09-12T20:50:37.924Z	App directory: /opt/buildhome/repo
2026-09-12T20:50:37.925Z	Next.js version : 16.3.3
2026-09-12T20:50:37.928Z	@opennextjs/cloudflare version: 1.20.6
2026-09-12T20:50:37.928Z	@opennextjs/aws version: 4.1.4
2026-09-12T20:50:37.929Z	WARN workerd compatibility_date: 2025-08-15, consider updating your wrangler config to a more recent date to benefit from the latest features and fixes.
2026-09-12T20:50:37.932Z	
2026-09-12T20:50:37.932Z	┌─────────────────────────────────┐
2026-09-12T20:50:37.932Z	│ OpenNext — Building Next.js app │
2026-09-12T20:50:37.932Z	└─────────────────────────────────┘
2026-09-12T20:50:37.932Z	
2026-09-12T20:50:37.955Z	$ cross-env NODE_OPTIONS="--no-deprecation --max-old-space-size=8000" next build && opennextjs-cloudflare build
2026-09-12T20:50:38.468Z	▲ Next.js 16.3.3 (Turbopack)
2026-09-12T20:50:38.523Z	✓ Running next.config.ts took 54ms
2026-09-12T20:50:38.663Z	- Experiments (use with caution):
2026-09-12T20:50:38.664Z	  ⨯ turbopackServerFastRefresh
2026-09-12T20:50:38.664Z	
2026-09-12T20:50:38.720Z	  Creating an optimized production build ...
2026-09-12T20:50:40.596Z	✓ Compiled successfully in 937ms
2026-09-12T20:50:40.600Z	  Running TypeScript ...
2026-09-12T20:50:44.774Z	  Finished TypeScript in 4.2s ...
2026-09-12T20:50:44.781Z	  Collecting page data using 3 workers ...
2026-09-12T20:50:46.843Z	⎔ Establishing remote connection...
2026-09-12T20:50:47.030Z	⎔ Establishing remote connection...
2026-09-12T20:50:48.721Z	  Generating static pages using 3 workers (0/2) ...
2026-09-12T20:50:48.922Z	✓ Generating static pages using 3 workers (2/2) in 201ms
2026-09-12T20:50:48.931Z	  Finalizing page optimization ...
2026-09-12T20:50:49.999Z	
2026-09-12T20:50:50.002Z	Route (app)
2026-09-12T20:50:50.002Z	┌ ○ /_not-found
2026-09-12T20:50:50.003Z	├ ƒ /admin/[[...segments]]
2026-09-12T20:50:50.003Z	└ ƒ /api/[...slug]
2026-09-12T20:50:50.003Z	
2026-09-12T20:50:50.003Z	
2026-09-12T20:50:50.003Z	○  (Static)   prerendered as static content
2026-09-12T20:50:50.003Z	ƒ  (Dynamic)  server-rendered on demand
2026-09-12T20:50:50.003Z	
2026-09-12T20:50:51.868Z	
2026-09-12T20:50:51.868Z	┌─────────────────────────────┐
2026-09-12T20:50:51.868Z	│ OpenNext — Cloudflare build │
2026-09-12T20:50:51.868Z	└─────────────────────────────┘
2026-09-12T20:50:51.868Z	
2026-09-12T20:50:52.015Z	App directory: /opt/buildhome/repo
2026-09-12T20:50:52.016Z	Next.js version : 16.3.3
2026-09-12T20:50:52.021Z	@opennextjs/cloudflare version: 1.20.6
2026-09-12T20:50:52.021Z	@opennextjs/aws version: 4.1.4
2026-09-12T20:50:52.021Z	WARN workerd compatibility_date: 2025-08-15, consider updating your wrangler config to a more recent date to benefit from the latest features and fixes.
2026-09-12T20:50:52.025Z	
2026-09-12T20:50:52.025Z	┌─────────────────────────────────┐
2026-09-12T20:50:52.025Z	│ OpenNext — Building Next.js app │
2026-09-12T20:50:52.025Z	└─────────────────────────────────┘
2026-09-12T20:50:52.025Z	
2026-09-12T20:50:52.044Z	$ cross-env NODE_OPTIONS="--no-deprecation --max-old-space-size=8000" next build && opennextjs-cloudflare build
2026-09-12T20:50:52.588Z	▲ Next.js 16.3.3 (Turbopack)
2026-09-12T20:50:52.631Z	✓ Running next.config.ts took 43ms
2026-09-12T20:50:52.734Z	- Experiments (use with caution):
2026-09-12T20:50:52.734Z	  ⨯ turbopackServerFastRefresh
2026-09-12T20:50:52.734Z	
2026-09-12T20:50:52.773Z	  Creating an optimized production build ...
2026-09-12T20:50:54.543Z	✓ Compiled successfully in 947ms
2026-09-12T20:50:54.547Z	  Running TypeScript ...
2026-09-12T20:50:58.537Z	  Finished TypeScript in 4.0s ...
2026-09-12T20:50:58.544Z	  Collecting page data using 3 workers ...
2026-09-12T20:51:01.282Z	⎔ Establishing remote connection...
2026-09-12T20:51:01.295Z	⎔ Establishing remote connection...
2026-09-12T20:51:03.141Z	  Generating static pages using 3 workers (0/2) ...
2026-09-12T20:51:03.481Z	✓ Generating static pages using 3 workers (2/2) in 340ms
2026-09-12T20:51:03.491Z	  Finalizing page optimization ...
2026-09-12T20:51:04.745Z	
2026-09-12T20:51:04.748Z	Route (app)
2026-09-12T20:51:04.748Z	┌ ○ /_not-found
2026-09-12T20:51:04.748Z	├ ƒ /admin/[[...segments]]
2026-09-12T20:51:04.748Z	└ ƒ /api/[...slug]
2026-09-12T20:51:04.748Z	
2026-09-12T20:51:04.748Z	
2026-09-12T20:51:04.748Z	○  (Static)   prerendered as static content
2026-09-12T20:51:04.748Z	ƒ  (Dynamic)  server-rendered on demand
2026-09-12T20:51:04.748Z	
2026-09-12T20:51:06.825Z	
2026-09-12T20:51:06.826Z	┌─────────────────────────────┐
2026-09-12T20:51:06.826Z	│ OpenNext — Cloudflare build │
2026-09-12T20:51:06.826Z	└─────────────────────────────┘
2026-09-12T20:51:06.826Z	
2026-09-12T20:51:06.969Z	App directory: /opt/buildhome/repo
2026-09-12T20:51:06.969Z	Next.js version : 16.3.3
2026-09-12T20:51:06.971Z	@opennextjs/cloudflare version: 1.20.6
2026-09-12T20:51:06.971Z	@opennextjs/aws version: 4.1.4
2026-09-12T20:51:06.972Z	WARN workerd compatibility_date: 2025-08-15, consider updating your wrangler config to a more recent date to benefit from the latest features and fixes.
2026-09-12T20:51:06.974Z	
2026-09-12T20:51:06.974Z	┌─────────────────────────────────┐
2026-09-12T20:51:06.974Z	│ OpenNext — Building Next.js app │
2026-09-12T20:51:06.974Z	└─────────────────────────────────┘
2026-09-12T20:51:06.974Z	
2026-09-12T20:51:06.990Z	$ cross-env NODE_OPTIONS="--no-deprecation --max-old-space-size=8000" next build && opennextjs-cloudflare build
2026-09-12T20:51:07.579Z	▲ Next.js 16.3.3 (Turbopack)
2026-09-12T20:51:07.642Z	✓ Running next.config.ts took 61ms
2026-09-12T20:51:07.788Z	- Experiments (use with caution):
2026-09-12T20:51:07.788Z	  ⨯ turbopackServerFastRefresh
2026-09-12T20:51:07.789Z	
2026-09-12T20:51:07.836Z	  Creating an optimized production build ...
2026-09-12T20:51:10.061Z	✓ Compiled successfully in 1394ms
2026-09-12T20:51:10.064Z	  Running TypeScript ...
2026-09-12T20:51:14.238Z	  Finished TypeScript in 4.2s ...
2026-09-12T20:51:14.246Z	  Collecting page data using 3 workers ...
2026-09-12T20:51:16.314Z	⎔ Establishing remote connection...
2026-09-12T20:51:16.475Z	⎔ Establishing remote connection...
2026-09-12T20:51:18.152Z	  Generating static pages using 3 workers (0/2) ...
2026-09-12T20:51:18.353Z	✓ Generating static pages using 3 workers (2/2) in 201ms
2026-09-12T20:51:18.368Z	  Finalizing page optimization ...
2026-09-12T20:51:20.629Z	
2026-09-12T20:51:20.632Z	Route (app)
2026-09-12T20:51:20.633Z	┌ ○ /_not-found
2026-09-12T20:51:20.633Z	├ ƒ /admin/[[...segments]]
2026-09-12T20:51:20.633Z	└ ƒ /api/[...slug]
2026-09-12T20:51:20.633Z	
2026-09-12T20:51:20.633Z	
2026-09-12T20:51:20.633Z	○  (Static)   prerendered as static content
2026-09-12T20:51:20.633Z	ƒ  (Dynamic)  server-rendered on demand
2026-09-12T20:51:20.633Z	
2026-09-12T20:51:22.454Z	
2026-09-12T20:51:22.455Z	┌─────────────────────────────┐
2026-09-12T20:51:22.455Z	│ OpenNext — Cloudflare build │
2026-09-12T20:51:22.455Z	└─────────────────────────────┘
2026-09-12T20:51:22.455Z	
2026-09-12T20:51:22.618Z	App directory: /opt/buildhome/repo
2026-09-12T20:51:22.618Z	Next.js version : 16.3.3
2026-09-12T20:51:22.621Z	@opennextjs/cloudflare version: 1.20.6
2026-09-12T20:51:22.621Z	@opennextjs/aws version: 4.1.4
2026-09-12T20:51:22.621Z	WARN workerd compatibility_date: 2025-08-15, consider updating your wrangler config to a more recent date to benefit from the latest features and fixes.
2026-09-12T20:51:22.622Z	
2026-09-12T20:51:22.622Z	┌─────────────────────────────────┐
2026-09-12T20:51:22.622Z	│ OpenNext — Building Next.js app │
2026-09-12T20:51:22.622Z	└─────────────────────────────────┘
2026-09-12T20:51:22.622Z	
2026-09-12T20:51:22.641Z	$ cross-env NODE_OPTIONS="--no-deprecation --max-old-space-size=8000" next build && opennextjs-cloudflare build
2026-09-12T20:51:23.173Z	▲ Next.js 16.3.3 (Turbopack)
2026-09-12T20:51:23.213Z	✓ Running next.config.ts took 39ms
2026-09-12T20:51:23.348Z	- Experiments (use with caution):
2026-09-12T20:51:23.348Z	  ⨯ turbopackServerFastRefresh
2026-09-12T20:51:23.348Z	
2026-09-12T20:51:23.401Z	  Creating an optimized production build ...
2026-09-12T20:51:25.554Z	✓ Compiled successfully in 1344ms
2026-09-12T20:51:25.558Z	  Running TypeScript ...
2026-09-12T20:51:29.399Z	  Finished TypeScript in 3.8s ...
2026-09-12T20:51:29.406Z	  Collecting page data using 3 workers ...
2026-09-12T20:51:31.430Z	⎔ Establishing remote connection...
2026-09-12T20:51:31.466Z	⎔ Establishing remote connection...
2026-09-12T20:51:33.329Z	  Generating static pages using 3 workers (0/2) ...
2026-09-12T20:51:33.574Z	✓ Generating static pages using 3 workers (2/2) in 246ms
2026-09-12T20:51:33.585Z	  Finalizing page optimization ...
2026-09-12T20:51:36.183Z	
2026-09-12T20:51:36.186Z	Route (app)
2026-09-12T20:51:36.186Z	┌ ○ /_not-found
2026-09-12T20:51:36.186Z	├ ƒ /admin/[[...segments]]
2026-09-12T20:51:36.186Z	└ ƒ /api/[...slug]
2026-09-12T20:51:36.186Z	
2026-09-12T20:51:36.186Z	
2026-09-12T20:51:36.186Z	○  (Static)   prerendered as static content
2026-09-12T20:51:36.186Z	ƒ  (Dynamic)  server-rendered on demand
2026-09-12T20:51:36.186Z	
2026-09-12T20:51:37.905Z	
2026-09-12T20:51:37.906Z	┌─────────────────────────────┐
2026-09-12T20:51:37.907Z	│ OpenNext — Cloudflare build │
2026-09-12T20:51:37.907Z	└─────────────────────────────┘
2026-09-12T20:51:37.907Z	
2026-09-12T20:51:38.063Z	App directory: /opt/buildhome/repo
2026-09-12T20:51:38.064Z	Next.js version : 16.3.3
2026-09-12T20:51:38.068Z	@opennextjs/cloudflare version: 1.20.6
2026-09-12T20:51:38.068Z	@opennextjs/aws version: 4.1.4
2026-09-12T20:51:38.068Z	WARN workerd compatibility_date: 2025-08-15, consider updating your wrangler config to a more recent date to benefit from the latest features and fixes.
2026-09-12T20:51:38.069Z	
2026-09-12T20:51:38.069Z	┌─────────────────────────────────┐
2026-09-12T20:51:38.069Z	│ OpenNext — Building Next.js app │
2026-09-12T20:51:38.069Z	└─────────────────────────────────┘
2026-09-12T20:51:38.069Z	
2026-09-12T20:51:38.085Z	$ cross-env NODE_OPTIONS="--no-deprecation --max-old-space-size=8000" next build && opennextjs-cloudflare build
2026-09-12T20:51:38.660Z	▲ Next.js 16.3.3 (Turbopack)
2026-09-12T20:51:38.704Z	✓ Running next.config.ts took 43ms
2026-09-12T20:51:38.837Z	- Experiments (use with caution):
2026-09-12T20:51:38.837Z	  ⨯ turbopackServerFastRefresh
2026-09-12T20:51:38.837Z	
2026-09-12T20:51:38.883Z	  Creating an optimized production build ...
2026-09-12T20:51:40.973Z	✓ Compiled successfully in 1221ms
2026-09-12T20:51:40.978Z	  Running TypeScript ...
2026-09-12T20:51:44.842Z	  Finished TypeScript in 3.9s ...
2026-09-12T20:51:44.853Z	  Collecting page data using 3 workers ...
2026-09-12T20:51:46.810Z	⎔ Establishing remote connection...
2026-09-12T20:51:47.087Z	⎔ Establishing remote connection...
2026-09-12T20:51:48.724Z	  Generating static pages using 3 workers (0/2) ...
2026-09-12T20:51:48.995Z	✓ Generating static pages using 3 workers (2/2) in 271ms
2026-09-12T20:51:49.016Z	  Finalizing page optimization ...
2026-09-12T20:51:52.885Z	
2026-09-12T20:51:52.888Z	Route (app)
2026-09-12T20:51:52.889Z	┌ ○ /_not-found
2026-09-12T20:51:52.889Z	├ ƒ /admin/[[...segments]]
2026-09-12T20:51:52.889Z	└ ƒ /api/[...slug]
2026-09-12T20:51:52.889Z	
2026-09-12T20:51:52.889Z	
2026-09-12T20:51:52.889Z	○  (Static)   prerendered as static content
2026-09-12T20:51:52.889Z	ƒ  (Dynamic)  server-rendered on demand
2026-09-12T20:51:52.889Z	
2026-09-12T20:51:54.897Z	
2026-09-12T20:51:54.897Z	┌─────────────────────────────┐
2026-09-12T20:51:54.897Z	│ OpenNext — Cloudflare build │
2026-09-12T20:51:54.897Z	└─────────────────────────────┘
2026-09-12T20:51:54.897Z	
2026-09-12T20:51:55.041Z	App directory: /opt/buildhome/repo
2026-09-12T20:51:55.041Z	Next.js version : 16.3.3
2026-09-12T20:51:55.043Z	@opennextjs/cloudflare version: 1.20.6
2026-09-12T20:51:55.043Z	@opennextjs/aws version: 4.1.4
2026-09-12T20:51:55.043Z	WARN workerd compatibility_date: 2025-08-15, consider updating your wrangler config to a more recent date to benefit from the latest features and fixes.
2026-09-12T20:51:55.046Z	
2026-09-12T20:51:55.046Z	┌─────────────────────────────────┐
2026-09-12T20:51:55.046Z	│ OpenNext — Building Next.js app │
2026-09-12T20:51:55.047Z	└─────────────────────────────────┘
2026-09-12T20:51:55.047Z	
2026-09-12T20:51:55.064Z	$ cross-env NODE_OPTIONS="--no-deprecation --max-old-space-size=8000" next build && opennextjs-cloudflare build
2026-09-12T20:51:55.617Z	▲ Next.js 16.3.3 (Turbopack)
2026-09-12T20:51:55.677Z	✓ Running next.config.ts took 58ms
2026-09-12T20:51:55.806Z	- Experiments (use with caution):
2026-09-12T20:51:55.807Z	  ⨯ turbopackServerFastRefresh
2026-09-12T20:51:55.807Z	
2026-09-12T20:51:55.854Z	  Creating an optimized production build ...
2026-09-12T20:51:58.068Z	✓ Compiled successfully in 1410ms
2026-09-12T20:51:58.073Z	  Running TypeScript ...
2026-09-12T20:52:01.920Z	  Finished TypeScript in 3.8s ...
2026-09-12T20:52:01.925Z	  Collecting page data using 3 workers ...
2026-09-12T20:52:03.943Z	⎔ Establishing remote connection...
2026-09-12T20:52:04.130Z	⎔ Establishing remote connection...
2026-09-12T20:52:05.786Z	  Generating static pages using 3 workers (0/2) ...
2026-09-12T20:52:05.985Z	✓ Generating static pages using 3 workers (2/2) in 199ms
2026-09-12T20:52:05.994Z	  Finalizing page optimization ...
2026-09-12T20:52:09.527Z	
2026-09-12T20:52:09.530Z	Route (app)
2026-09-12T20:52:09.531Z	┌ ○ /_not-found
2026-09-12T20:52:09.531Z	├ ƒ /admin/[[...segments]]
2026-09-12T20:52:09.531Z	└ ƒ /api/[...slug]
2026-09-12T20:52:09.531Z	
2026-09-12T20:52:09.531Z	
2026-09-12T20:52:09.531Z	○  (Static)   prerendered as static content
2026-09-12T20:52:09.531Z	ƒ  (Dynamic)  server-rendered on demand
2026-09-12T20:52:09.531Z	
2026-09-12T20:52:11.614Z	
2026-09-12T20:52:11.614Z	┌─────────────────────────────┐
2026-09-12T20:52:11.614Z	│ OpenNext — Cloudflare build │
2026-09-12T20:52:11.614Z	└─────────────────────────────┘
2026-09-12T20:52:11.614Z	
2026-09-12T20:52:11.794Z	App directory: /opt/buildhome/repo
2026-09-12T20:52:11.794Z	Next.js version : 16.3.3
2026-09-12T20:52:11.797Z	@opennextjs/cloudflare version: 1.20.6
2026-09-12T20:52:11.800Z	@opennextjs/aws version: 4.1.4
2026-09-12T20:52:11.801Z	
2026-09-12T20:52:11.801Z	┌─────────────────────────────────┐
2026-09-12T20:52:11.801Z	│ OpenNext — Building Next.js app │
2026-09-12T20:52:11.801Z	└─────────────────────────────────┘
2026-09-12T20:52:11.801Z	
2026-09-12T20:52:11.801Z	WARN workerd compatibility_date: 2025-08-15, consider updating your wrangler config to a more recent date to benefit from the latest features and fixes.
2026-09-12T20:52:11.824Z	$ cross-env NODE_OPTIONS="--no-deprecation --max-old-space-size=8000" next build && opennextjs-cloudflare build
2026-09-12T20:52:12.479Z	▲ Next.js 16.3.3 (Turbopack)
2026-09-12T20:52:12.529Z	✓ Running next.config.ts took 49ms
2026-09-12T20:52:12.651Z	- Experiments (use with caution):
2026-09-12T20:52:12.651Z	  ⨯ turbopackServerFastRefresh
2026-09-12T20:52:12.651Z	
2026-09-12T20:52:12.695Z	  Creating an optimized production build ...
2026-09-12T20:52:14.907Z	✓ Compiled successfully in 1395ms
2026-09-12T20:52:14.912Z	  Running TypeScript ...
2026-09-12T20:52:18.636Z	  Finished TypeScript in 3.7s ...
2026-09-12T20:52:18.651Z	  Collecting page data using 3 workers ...
2026-09-12T20:52:20.911Z	⎔ Establishing remote connection...
2026-09-12T20:52:21.029Z	⎔ Establishing remote connection...
2026-09-12T20:52:22.777Z	  Generating static pages using 3 workers (0/2) ...
2026-09-12T20:52:22.975Z	✓ Generating static pages using 3 workers (2/2) in 198ms
2026-09-12T20:52:22.994Z	  Finalizing page optimization ...
2026-09-12T20:52:26.688Z	
2026-09-12T20:52:26.690Z	Route (app)
2026-09-12T20:52:26.691Z	┌ ○ /_not-found
2026-09-12T20:52:26.691Z	├ ƒ /admin/[[...segments]]
2026-09-12T20:52:26.691Z	└ ƒ /api/[...slug]
2026-09-12T20:52:26.691Z	
2026-09-12T20:52:26.691Z	
2026-09-12T20:52:26.691Z	○  (Static)   prerendered as static content
2026-09-12T20:52:26.691Z	ƒ  (Dynamic)  server-rendered on demand
2026-09-12T20:52:26.691Z	
2026-09-12T20:52:28.510Z	
2026-09-12T20:52:28.510Z	┌─────────────────────────────┐
2026-09-12T20:52:28.510Z	│ OpenNext — Cloudflare build │
2026-09-12T20:52:28.510Z	└─────────────────────────────┘
2026-09-12T20:52:28.510Z	
2026-09-12T20:52:28.639Z	App directory: /opt/buildhome/repo
2026-09-12T20:52:28.639Z	Next.js version : 16.3.3
2026-09-12T20:52:28.640Z	@opennextjs/cloudflare version: 1.20.6
2026-09-12T20:52:28.640Z	@opennextjs/aws version: 4.1.4
2026-09-12T20:52:28.641Z	WARN workerd compatibility_date: 2025-08-15, consider updating your wrangler config to a more recent date to benefit from the latest features and fixes.
2026-09-12T20:52:28.642Z	
2026-09-12T20:52:28.642Z	┌─────────────────────────────────┐
2026-09-12T20:52:28.643Z	│ OpenNext — Building Next.js app │
2026-09-12T20:52:28.643Z	└─────────────────────────────────┘
2026-09-12T20:52:28.643Z	
2026-09-12T20:52:28.659Z	$ cross-env NODE_OPTIONS="--no-deprecation --max-old-space-size=8000" next build && opennextjs-cloudflare build
2026-09-12T20:52:29.095Z	▲ Next.js 16.3.3 (Turbopack)
2026-09-12T20:52:29.135Z	✓ Running next.config.ts took 42ms
2026-09-12T20:52:29.248Z	- Experiments (use with caution):
2026-09-12T20:52:29.248Z	  ⨯ turbopackServerFastRefresh
2026-09-12T20:52:29.248Z	
2026-09-12T20:52:29.286Z	  Creating an optimized production build ...
2026-09-12T20:52:30.785Z	✓ Compiled successfully in 702ms
2026-09-12T20:52:30.791Z	  Running TypeScript ...
2026-09-12T20:52:34.587Z	  Finished TypeScript in 3.8s ...
2026-09-12T20:52:34.597Z	  Collecting page data using 3 workers ...
2026-09-12T20:52:36.648Z	⎔ Establishing remote connection...
2026-09-12T20:52:36.749Z	⎔ Establishing remote connection...
2026-09-12T20:52:38.491Z	  Generating static pages using 3 workers (0/2) ...
2026-09-12T20:52:38.722Z	✓ Generating static pages using 3 workers (2/2) in 231ms
2026-09-12T20:52:38.738Z	  Finalizing page optimization ...
2026-09-12T20:52:42.635Z	
2026-09-12T20:52:42.640Z	Route (app)
2026-09-12T20:52:42.640Z	┌ ○ /_not-found
2026-09-12T20:52:42.640Z	├ ƒ /admin/[[...segments]]
2026-09-12T20:52:42.640Z	└ ƒ /api/[...slug]
2026-09-12T20:52:42.640Z	
2026-09-12T20:52:42.640Z	
2026-09-12T20:52:42.640Z	○  (Static)   prerendered as static content
2026-09-12T20:52:42.640Z	ƒ  (Dynamic)  server-rendered on demand
2026-09-12T20:52:42.640Z	
2026-09-12T20:52:44.668Z	
2026-09-12T20:52:44.668Z	┌─────────────────────────────┐
2026-09-12T20:52:44.668Z	│ OpenNext — Cloudflare build │
2026-09-12T20:52:44.668Z	└─────────────────────────────┘
2026-09-12T20:52:44.668Z	
2026-09-12T20:52:44.827Z	App directory: /opt/buildhome/repo
2026-09-12T20:52:44.827Z	Next.js version : 16.3.3
2026-09-12T20:52:44.829Z	@opennextjs/cloudflare version: 1.20.6
2026-09-12T20:52:44.829Z	@opennextjs/aws version: 4.1.4
2026-09-12T20:52:44.830Z	WARN workerd compatibility_date: 2025-08-15, consider updating your wrangler config to a more recent date to benefit from the latest features and fixes.
2026-09-12T20:52:44.831Z	
2026-09-12T20:52:44.831Z	┌─────────────────────────────────┐
2026-09-12T20:52:44.831Z	│ OpenNext — Building Next.js app │
2026-09-12T20:52:44.831Z	└─────────────────────────────────┘
2026-09-12T20:52:44.831Z	
2026-09-12T20:52:44.851Z	$ cross-env NODE_OPTIONS="--no-deprecation --max-old-space-size=8000" next build && opennextjs-cloudflare build
2026-09-12T20:52:45.406Z	▲ Next.js 16.3.3 (Turbopack)
2026-09-12T20:52:45.466Z	✓ Running next.config.ts took 59ms
2026-09-12T20:52:45.607Z	- Experiments (use with caution):
2026-09-12T20:52:45.607Z	  ⨯ turbopackServerFastRefresh
2026-09-12T20:52:45.608Z	
2026-09-12T20:52:45.661Z	  Creating an optimized production build ...
2026-09-12T20:52:47.852Z	✓ Compiled successfully in 1361ms
2026-09-12T20:52:47.857Z	  Running TypeScript ...
2026-09-12T20:52:52.059Z	  Finished TypeScript in 4.2s ...
2026-09-12T20:52:52.074Z	  Collecting page data using 3 workers ...
2026-09-12T20:52:54.189Z	⎔ Establishing remote connection...
2026-09-12T20:52:54.342Z	⎔ Establishing remote connection...
2026-09-12T20:52:55.976Z	  Generating static pages using 3 workers (0/2) ...
2026-09-12T20:52:56.191Z	✓ Generating static pages using 3 workers (2/2) in 215ms
2026-09-12T20:52:56.212Z	  Finalizing page optimization ...
2026-09-12T20:52:59.527Z	
2026-09-12T20:52:59.529Z	Route (app)
2026-09-12T20:52:59.529Z	┌ ○ /_not-found
2026-09-12T20:52:59.530Z	├ ƒ /admin/[[...segments]]
2026-09-12T20:52:59.530Z	└ ƒ /api/[...slug]
2026-09-12T20:52:59.530Z	
2026-09-12T20:52:59.530Z	
2026-09-12T20:52:59.530Z	○  (Static)   prerendered as static content
2026-09-12T20:52:59.530Z	ƒ  (Dynamic)  server-rendered on demand
2026-09-12T20:52:59.530Z	
2026-09-12T20:53:01.735Z	
2026-09-12T20:53:01.736Z	┌─────────────────────────────┐
2026-09-12T20:53:01.737Z	│ OpenNext — Cloudflare build │
2026-09-12T20:53:01.737Z	└─────────────────────────────┘
2026-09-12T20:53:01.737Z	
2026-09-12T20:53:01.911Z	App directory: /opt/buildhome/repo
2026-09-12T20:53:01.911Z	Next.js version : 16.3.3
2026-09-12T20:53:01.913Z	@opennextjs/cloudflare version: 1.20.6
2026-09-12T20:53:01.914Z	@opennextjs/aws version: 4.1.4
2026-09-12T20:53:01.915Z	WARN workerd compatibility_date: 2025-08-15, consider updating your wrangler config to a more recent date to benefit from the latest features and fixes.
2026-09-12T20:53:01.916Z	
2026-09-12T20:53:01.916Z	┌─────────────────────────────────┐
2026-09-12T20:53:01.916Z	│ OpenNext — Building Next.js app │
2026-09-12T20:53:01.916Z	└─────────────────────────────────┘
2026-09-12T20:53:01.916Z	
2026-09-12T20:53:01.935Z	$ cross-env NODE_OPTIONS="--no-deprecation --max-old-space-size=8000" next build && opennextjs-cloudflare build
2026-09-12T20:53:02.538Z	▲ Next.js 16.3.3 (Turbopack)
2026-09-12T20:53:02.589Z	✓ Running next.config.ts took 49ms
2026-09-12T20:53:02.711Z	- Experiments (use with caution):
2026-09-12T20:53:02.711Z	  ⨯ turbopackServerFastRefresh
2026-09-12T20:53:02.711Z	
2026-09-12T20:53:02.751Z	  Creating an optimized production build ...
2026-09-12T20:53:05.121Z	✓ Compiled successfully in 1498ms
2026-09-12T20:53:05.128Z	  Running TypeScript ...
2026-09-12T20:53:09.215Z	  Finished TypeScript in 4.1s ...
2026-09-12T20:53:09.227Z	  Collecting page data using 3 workers ...
2026-09-12T20:53:11.347Z	⎔ Establishing remote connection...
2026-09-12T20:53:11.684Z	⎔ Establishing remote connection...
2026-09-12T20:53:13.444Z	  Generating static pages using 3 workers (0/2) ...
2026-09-12T20:53:13.725Z	✓ Generating static pages using 3 workers (2/2) in 281ms
2026-09-12T20:53:13.747Z	  Finalizing page optimization ...
2026-09-12T20:53:17.853Z	
2026-09-12T20:53:17.857Z	Route (app)
2026-09-12T20:53:17.857Z	┌ ○ /_not-found
2026-09-12T20:53:17.857Z	├ ƒ /admin/[[...segments]]
2026-09-12T20:53:17.857Z	└ ƒ /api/[...slug]
2026-09-12T20:53:17.857Z	
2026-09-12T20:53:17.857Z	
2026-09-12T20:53:17.857Z	○  (Static)   prerendered as static content
2026-09-12T20:53:17.858Z	ƒ  (Dynamic)  server-rendered on demand
2026-09-12T20:53:17.858Z	
2026-09-12T20:53:20.011Z	
2026-09-12T20:53:20.011Z	┌─────────────────────────────┐
2026-09-12T20:53:20.011Z	│ OpenNext — Cloudflare build │
2026-09-12T20:53:20.011Z	└─────────────────────────────┘
2026-09-12T20:53:20.012Z	
2026-09-12T20:53:20.180Z	App directory: /opt/buildhome/repo
2026-09-12T20:53:20.181Z	Next.js version : 16.3.3
2026-09-12T20:53:20.183Z	@opennextjs/cloudflare version: 1.20.6
2026-09-12T20:53:20.183Z	@opennextjs/aws version: 4.1.4
2026-09-12T20:53:20.184Z	WARN workerd compatibility_date: 2025-08-15, consider updating your wrangler config to a more recent date to benefit from the latest features and fixes.
2026-09-12T20:53:20.185Z	
2026-09-12T20:53:20.185Z	┌─────────────────────────────────┐
2026-09-12T20:53:20.185Z	│ OpenNext — Building Next.js app │
2026-09-12T20:53:20.185Z	└─────────────────────────────────┘
2026-09-12T20:53:20.185Z	
2026-09-12T20:53:20.202Z	$ cross-env NODE_OPTIONS="--no-deprecation --max-old-space-size=8000" next build && opennextjs-cloudflare build
2026-09-12T20:53:20.796Z	▲ Next.js 16.3.3 (Turbopack)
2026-09-12T20:53:20.846Z	✓ Running next.config.ts took 48ms
2026-09-12T20:53:20.973Z	- Experiments (use with caution):
2026-09-12T20:53:20.974Z	  ⨯ turbopackServerFastRefresh
2026-09-12T20:53:20.974Z	
2026-09-12T20:53:21.059Z	  Creating an optimized production build ...
2026-09-12T20:53:23.247Z	✓ Compiled successfully in 1327ms
2026-09-12T20:53:23.253Z	  Running TypeScript ...
2026-09-12T20:53:27.187Z	  Finished TypeScript in 3.9s ...
2026-09-12T20:53:27.201Z	  Collecting page data using 3 workers ...
2026-09-12T20:53:29.403Z	⎔ Establishing remote connection...
2026-09-12T20:53:29.540Z	⎔ Establishing remote connection...
2026-09-12T20:53:31.181Z	  Generating static pages using 3 workers (0/2) ...
2026-09-12T20:53:31.341Z	✓ Generating static pages using 3 workers (2/2) in 160ms
2026-09-12T20:53:31.349Z	  Finalizing page optimization ...
2026-09-12T20:53:34.506Z	
2026-09-12T20:53:34.509Z	Route (app)
2026-09-12T20:53:34.510Z	┌ ○ /_not-found
2026-09-12T20:53:34.510Z	├ ƒ /admin/[[...segments]]
2026-09-12T20:53:34.510Z	└ ƒ /api/[...slug]
2026-09-12T20:53:34.510Z	
2026-09-12T20:53:34.510Z	
2026-09-12T20:53:34.510Z	○  (Static)   prerendered as static content
2026-09-12T20:53:34.510Z	ƒ  (Dynamic)  server-rendered on demand
2026-09-12T20:53:34.510Z	
2026-09-12T20:53:36.606Z	
2026-09-12T20:53:36.606Z	┌─────────────────────────────┐
2026-09-12T20:53:36.606Z	│ OpenNext — Cloudflare build │
2026-09-12T20:53:36.607Z	└─────────────────────────────┘
2026-09-12T20:53:36.607Z	
2026-09-12T20:53:36.755Z	App directory: /opt/buildhome/repo
2026-09-12T20:53:36.755Z	Next.js version : 16.3.3
2026-09-12T20:53:36.757Z	@opennextjs/cloudflare version: 1.20.6
2026-09-12T20:53:36.757Z	@opennextjs/aws version: 4.1.4
2026-09-12T20:53:36.758Z	WARN workerd compatibility_date: 2025-08-15, consider updating your wrangler config to a more recent date to benefit from the latest features and fixes.
2026-09-12T20:53:36.759Z	
2026-09-12T20:53:36.759Z	┌─────────────────────────────────┐
2026-09-12T20:53:36.759Z	│ OpenNext — Building Next.js app │
2026-09-12T20:53:36.759Z	└─────────────────────────────────┘
2026-09-12T20:53:36.759Z	
2026-09-12T20:53:36.776Z	$ cross-env NODE_OPTIONS="--no-deprecation --max-old-space-size=8000" next build && opennextjs-cloudflare build
2026-09-12T20:53:37.332Z	▲ Next.js 16.3.3 (Turbopack)
2026-09-12T20:53:37.374Z	✓ Running next.config.ts took 41ms
2026-09-12T20:53:37.509Z	- Experiments (use with caution):
2026-09-12T20:53:37.510Z	  ⨯ turbopackServerFastRefresh
2026-09-12T20:53:37.510Z	
2026-09-12T20:53:37.556Z	  Creating an optimized production build ...
2026-09-12T20:53:39.801Z	✓ Compiled successfully in 1396ms
2026-09-12T20:53:39.806Z	  Running TypeScript ...
2026-09-12T20:53:43.704Z	  Finished TypeScript in 3.9s ...
2026-09-12T20:53:43.716Z	  Collecting page data using 3 workers ...
2026-09-12T20:53:45.884Z	⎔ Establishing remote connection...
2026-09-12T20:53:45.997Z	⎔ Establishing remote connection...
2026-09-12T20:53:47.817Z	  Generating static pages using 3 workers (0/2) ...
2026-09-12T20:53:48.148Z	✓ Generating static pages using 3 workers (2/2) in 332ms
2026-09-12T20:53:48.166Z	  Finalizing page optimization ...
2026-09-12T20:53:52.082Z	
2026-09-12T20:53:52.085Z	Route (app)
2026-09-12T20:53:52.086Z	┌ ○ /_not-found
2026-09-12T20:53:52.086Z	├ ƒ /admin/[[...segments]]
2026-09-12T20:53:52.086Z	└ ƒ /api/[...slug]
2026-09-12T20:53:52.086Z	
2026-09-12T20:53:52.086Z	
2026-09-12T20:53:52.086Z	○  (Static)   prerendered as static content
2026-09-12T20:53:52.086Z	ƒ  (Dynamic)  server-rendered on demand
2026-09-12T20:53:52.086Z	
2026-09-12T20:53:53.875Z	
2026-09-12T20:53:53.875Z	┌─────────────────────────────┐
2026-09-12T20:53:53.875Z	│ OpenNext — Cloudflare build │
2026-09-12T20:53:53.875Z	└─────────────────────────────┘
2026-09-12T20:53:53.875Z	
2026-09-12T20:53:54.043Z	App directory: /opt/buildhome/repo
2026-09-12T20:53:54.043Z	Next.js version : 16.3.3
2026-09-12T20:53:54.045Z	@opennextjs/cloudflare version: 1.20.6
2026-09-12T20:53:54.045Z	@opennextjs/aws version: 4.1.4
2026-09-12T20:53:54.045Z	WARN workerd compatibility_date: 2025-08-15, consider updating your wrangler config to a more recent date to benefit from the latest features and fixes.
2026-09-12T20:53:54.046Z	
2026-09-12T20:53:54.046Z	┌─────────────────────────────────┐
2026-09-12T20:53:54.046Z	│ OpenNext — Building Next.js app │
2026-09-12T20:53:54.046Z	└─────────────────────────────────┘
2026-09-12T20:53:54.046Z	
2026-09-12T20:53:54.067Z	$ cross-env NODE_OPTIONS="--no-deprecation --max-old-space-size=8000" next build && opennextjs-cloudflare build
2026-09-12T20:53:54.624Z	▲ Next.js 16.3.3 (Turbopack)
2026-09-12T20:53:54.673Z	✓ Running next.config.ts took 48ms
2026-09-12T20:53:54.820Z	- Experiments (use with caution):
2026-09-12T20:53:54.821Z	  ⨯ turbopackServerFastRefresh
2026-09-12T20:53:54.822Z	
2026-09-12T20:53:54.879Z	  Creating an optimized production build ...
2026-09-12T20:53:57.181Z	✓ Compiled successfully in 1443ms
2026-09-12T20:53:57.184Z	  Running TypeScript ...
2026-09-12T20:54:01.247Z	  Finished TypeScript in 4.1s ...
2026-09-12T20:54:01.253Z	  Collecting page data using 3 workers ...
2026-09-12T20:54:03.295Z	⎔ Establishing remote connection...
2026-09-12T20:54:03.643Z	⎔ Establishing remote connection...
2026-09-12T20:54:05.293Z	  Generating static pages using 3 workers (0/2) ...
2026-09-12T20:54:05.606Z	✓ Generating static pages using 3 workers (2/2) in 313ms
2026-09-12T20:54:05.617Z	  Finalizing page optimization ...
2026-09-12T20:54:09.022Z	
2026-09-12T20:54:09.025Z	Route (app)
2026-09-12T20:54:09.025Z	┌ ○ /_not-found
2026-09-12T20:54:09.026Z	├ ƒ /admin/[[...segments]]
2026-09-12T20:54:09.026Z	└ ƒ /api/[...slug]
2026-09-12T20:54:09.026Z	
2026-09-12T20:54:09.026Z	
2026-09-12T20:54:09.026Z	○  (Static)   prerendered as static content
2026-09-12T20:54:09.026Z	ƒ  (Dynamic)  server-rendered on demand
2026-09-12T20:54:09.026Z	
2026-09-12T20:54:10.869Z	
2026-09-12T20:54:10.869Z	┌─────────────────────────────┐
2026-09-12T20:54:10.869Z	│ OpenNext — Cloudflare build │
2026-09-12T20:54:10.869Z	└─────────────────────────────┘
2026-09-12T20:54:10.869Z	
2026-09-12T20:54:11.021Z	App directory: /opt/buildhome/repo
2026-09-12T20:54:11.021Z	Next.js version : 16.3.3
2026-09-12T20:54:11.023Z	@opennextjs/cloudflare version: 1.20.6
2026-09-12T20:54:11.023Z	@opennextjs/aws version: 4.1.4
2026-09-12T20:54:11.024Z	WARN workerd compatibility_date: 2025-08-15, consider updating your wrangler config to a more recent date to benefit from the latest features and fixes.
2026-09-12T20:54:11.026Z	
2026-09-12T20:54:11.026Z	┌─────────────────────────────────┐
2026-09-12T20:54:11.026Z	│ OpenNext — Building Next.js app │
2026-09-12T20:54:11.026Z	└─────────────────────────────────┘
2026-09-12T20:54:11.026Z	
2026-09-12T20:54:11.043Z	$ cross-env NODE_OPTIONS="--no-deprecation --max-old-space-size=8000" next build && opennextjs-cloudflare build
2026-09-12T20:54:11.580Z	▲ Next.js 16.3.3 (Turbopack)
2026-09-12T20:54:11.636Z	✓ Running next.config.ts took 55ms
2026-09-12T20:54:11.755Z	- Experiments (use with caution):
2026-09-12T20:54:11.756Z	  ⨯ turbopackServerFastRefresh
2026-09-12T20:54:11.756Z	
2026-09-12T20:54:11.795Z	  Creating an optimized production build ...
2026-09-12T20:54:13.924Z	✓ Compiled successfully in 1347ms
2026-09-12T20:54:13.928Z	  Running TypeScript ...
2026-09-12T20:54:17.670Z	  Finished TypeScript in 3.7s ...
2026-09-12T20:54:17.682Z	  Collecting page data using 3 workers ...
2026-09-12T20:54:19.674Z	⎔ Establishing remote connection...
2026-09-12T20:54:19.838Z	⎔ Establishing remote connection...
2026-09-12T20:54:21.520Z	  Generating static pages using 3 workers (0/2) ...
2026-09-12T20:54:21.812Z	✓ Generating static pages using 3 workers (2/2) in 293ms
2026-09-12T20:54:21.835Z	  Finalizing page optimization ...
2026-09-12T20:54:25.474Z	
2026-09-12T20:54:25.474Z	Route (app)
2026-09-12T20:54:25.474Z	┌ ○ /_not-found
2026-09-12T20:54:25.474Z	├ ƒ /admin/[[...segments]]
2026-09-12T20:54:25.474Z	└ ƒ /api/[...slug]
2026-09-12T20:54:25.474Z	
2026-09-12T20:54:25.474Z	
2026-09-12T20:54:25.474Z	○  (Static)   prerendered as static content
2026-09-12T20:54:25.474Z	ƒ  (Dynamic)  server-rendered on demand
2026-09-12T20:54:25.474Z	
2026-09-12T20:54:27.338Z	
2026-09-12T20:54:27.338Z	┌─────────────────────────────┐
2026-09-12T20:54:27.338Z	│ OpenNext — Cloudflare build │
2026-09-12T20:54:27.338Z	└─────────────────────────────┘
2026-09-12T20:54:27.338Z	
2026-09-12T20:54:27.471Z	App directory: /opt/buildhome/repo
2026-09-12T20:54:27.471Z	Next.js version : 16.3.3
2026-09-12T20:54:27.473Z	@opennextjs/cloudflare version: 1.20.6
2026-09-12T20:54:27.473Z	@opennextjs/aws version: 4.1.4
2026-09-12T20:54:27.473Z	WARN workerd compatibility_date: 2025-08-15, consider updating your wrangler config to a more recent date to benefit from the latest features and fixes.
2026-09-12T20:54:27.475Z	
2026-09-12T20:54:27.475Z	┌─────────────────────────────────┐
2026-09-12T20:54:27.475Z	│ OpenNext — Building Next.js app │
2026-09-12T20:54:27.475Z	└─────────────────────────────────┘
2026-09-12T20:54:27.475Z	
2026-09-12T20:54:27.496Z	$ cross-env NODE_OPTIONS="--no-deprecation --max-old-space-size=8000" next build && opennextjs-cloudflare build
2026-09-12T20:54:28.034Z	▲ Next.js 16.3.3 (Turbopack)
2026-09-12T20:54:28.077Z	✓ Running next.config.ts took 47ms
2026-09-12T20:54:28.203Z	- Experiments (use with caution):
2026-09-12T20:54:28.204Z	  ⨯ turbopackServerFastRefresh
2026-09-12T20:54:28.204Z	
2026-09-12T20:54:28.251Z	  Creating an optimized production build ...
2026-09-12T20:54:30.453Z	✓ Compiled successfully in 1370ms
2026-09-12T20:54:30.457Z	  Running TypeScript ...
2026-09-12T20:54:34.325Z	  Finished TypeScript in 3.9s ...
2026-09-12T20:54:34.339Z	  Collecting page data using 3 workers ...
2026-09-12T20:54:36.331Z	⎔ Establishing remote connection...
2026-09-12T20:54:36.409Z	⎔ Establishing remote connection...
2026-09-12T20:54:37.875Z	  Generating static pages using 3 workers (0/2) ...
2026-09-12T20:54:38.047Z	✓ Generating static pages using 3 workers (2/2) in 172ms
2026-09-12T20:54:38.056Z	  Finalizing page optimization ...
2026-09-12T20:54:42.251Z	
2026-09-12T20:54:42.256Z	Route (app)
2026-09-12T20:54:42.256Z	┌ ○ /_not-found
2026-09-12T20:54:42.256Z	├ ƒ /admin/[[...segments]]
2026-09-12T20:54:42.257Z	└ ƒ /api/[...slug]
2026-09-12T20:54:42.257Z	
2026-09-12T20:54:42.257Z	
2026-09-12T20:54:42.257Z	○  (Static)   prerendered as static content
2026-09-12T20:54:42.257Z	ƒ  (Dynamic)  server-rendered on demand
2026-09-12T20:54:42.257Z	
2026-09-12T20:54:44.156Z	
2026-09-12T20:54:44.156Z	┌─────────────────────────────┐
2026-09-12T20:54:44.156Z	│ OpenNext — Cloudflare build │
2026-09-12T20:54:44.156Z	└─────────────────────────────┘
2026-09-12T20:54:44.156Z	
2026-09-12T20:54:44.291Z	App directory: /opt/buildhome/repo
2026-09-12T20:54:44.292Z	Next.js version : 16.3.3
2026-09-12T20:54:44.293Z	@opennextjs/cloudflare version: 1.20.6
2026-09-12T20:54:44.293Z	@opennextjs/aws version: 4.1.4
2026-09-12T20:54:44.293Z	WARN workerd compatibility_date: 2025-08-15, consider updating your wrangler config to a more recent date to benefit from the latest features and fixes.
2026-09-12T20:54:44.295Z	
2026-09-12T20:54:44.295Z	┌─────────────────────────────────┐
2026-09-12T20:54:44.295Z	│ OpenNext — Building Next.js app │
2026-09-12T20:54:44.295Z	└─────────────────────────────────┘
2026-09-12T20:54:44.295Z	
2026-09-12T20:54:44.313Z	$ cross-env NODE_OPTIONS="--no-deprecation --max-old-space-size=8000" next build && opennextjs-cloudflare build
2026-09-12T20:54:44.812Z	▲ Next.js 16.3.3 (Turbopack)
2026-09-12T20:54:44.865Z	✓ Running next.config.ts took 52ms
2026-09-12T20:54:44.965Z	- Experiments (use with caution):
2026-09-12T20:54:44.965Z	  ⨯ turbopackServerFastRefresh
2026-09-12T20:54:44.965Z	
2026-09-12T20:54:45.021Z	  Creating an optimized production build ...
2026-09-12T20:54:47.365Z	✓ Compiled successfully in 1461ms
2026-09-12T20:54:47.376Z	  Running TypeScript ...
2026-09-12T20:54:51.266Z	  Finished TypeScript in 3.9s ...
2026-09-12T20:54:51.280Z	  Collecting page data using 3 workers ...
2026-09-12T20:54:53.388Z	⎔ Establishing remote connection...
2026-09-12T20:54:53.527Z	⎔ Establishing remote connection...
2026-09-12T20:54:55.128Z	  Generating static pages using 3 workers (0/2) ...
2026-09-12T20:54:55.341Z	✓ Generating static pages using 3 workers (2/2) in 211ms
2026-09-12T20:54:55.371Z	  Finalizing page optimization ...
2026-09-12T20:54:58.949Z	
2026-09-12T20:54:58.951Z	Route (app)
2026-09-12T20:54:58.952Z	┌ ○ /_not-found
2026-09-12T20:54:58.952Z	├ ƒ /admin/[[...segments]]
2026-09-12T20:54:58.952Z	└ ƒ /api/[...slug]
2026-09-12T20:54:58.952Z	
2026-09-12T20:54:58.952Z	
2026-09-12T20:54:58.952Z	○  (Static)   prerendered as static content
2026-09-12T20:54:58.952Z	ƒ  (Dynamic)  server-rendered on demand
2026-09-12T20:54:58.952Z	
2026-09-12T20:55:00.908Z	
2026-09-12T20:55:00.908Z	┌─────────────────────────────┐
2026-09-12T20:55:00.908Z	│ OpenNext — Cloudflare build │
2026-09-12T20:55:00.908Z	└─────────────────────────────┘
2026-09-12T20:55:00.908Z	
2026-09-12T20:55:01.083Z	App directory: /opt/buildhome/repo
2026-09-12T20:55:01.084Z	Next.js version : 16.3.3
2026-09-12T20:55:01.086Z	@opennextjs/cloudflare version: 1.20.6
2026-09-12T20:55:01.086Z	@opennextjs/aws version: 4.1.4
2026-09-12T20:55:01.087Z	WARN workerd compatibility_date: 2025-08-15, consider updating your wrangler config to a more recent date to benefit from the latest features and fixes.
2026-09-12T20:55:01.088Z	
2026-09-12T20:55:01.088Z	┌─────────────────────────────────┐
2026-09-12T20:55:01.089Z	│ OpenNext — Building Next.js app │
2026-09-12T20:55:01.089Z	└─────────────────────────────────┘
2026-09-12T20:55:01.089Z	
2026-09-12T20:55:01.108Z	$ cross-env NODE_OPTIONS="--no-deprecation --max-old-space-size=8000" next build && opennextjs-cloudflare build
2026-09-12T20:55:01.597Z	▲ Next.js 16.3.3 (Turbopack)
2026-09-12T20:55:01.635Z	✓ Running next.config.ts took 37ms
2026-09-12T20:55:01.753Z	- Experiments (use with caution):
2026-09-12T20:55:01.753Z	  ⨯ turbopackServerFastRefresh
2026-09-12T20:55:01.753Z	
2026-09-12T20:55:01.789Z	  Creating an optimized production build ...
2026-09-12T20:55:03.818Z	✓ Compiled successfully in 1224ms
2026-09-12T20:55:03.822Z	  Running TypeScript ...
2026-09-12T20:55:07.828Z	  Finished TypeScript in 4.0s ...
2026-09-12T20:55:07.835Z	  Collecting page data using 3 workers ...
2026-09-12T20:55:09.941Z	⎔ Establishing remote connection...
2026-09-12T20:55:10.362Z	⎔ Establishing remote connection...
2026-09-12T20:55:11.918Z	  Generating static pages using 3 workers (0/2) ...
2026-09-12T20:55:12.110Z	✓ Generating static pages using 3 workers (2/2) in 191ms
2026-09-12T20:55:12.126Z	  Finalizing page optimization ...
2026-09-12T20:55:15.614Z	
2026-09-12T20:55:15.618Z	Route (app)
2026-09-12T20:55:15.618Z	┌ ○ /_not-found
2026-09-12T20:55:15.618Z	├ ƒ /admin/[[...segments]]
2026-09-12T20:55:15.618Z	└ ƒ /api/[...slug]
2026-09-12T20:55:15.618Z	
2026-09-12T20:55:15.618Z	
2026-09-12T20:55:15.618Z	○  (Static)   prerendered as static content
2026-09-12T20:55:15.618Z	ƒ  (Dynamic)  server-rendered on demand
2026-09-12T20:55:15.618Z	
2026-09-12T20:55:17.530Z	
2026-09-12T20:55:17.530Z	┌─────────────────────────────┐
2026-09-12T20:55:17.530Z	│ OpenNext — Cloudflare build │
2026-09-12T20:55:17.530Z	└─────────────────────────────┘
2026-09-12T20:55:17.530Z	
2026-09-12T20:55:17.646Z	App directory: /opt/buildhome/repo
2026-09-12T20:55:17.646Z	Next.js version : 16.3.3
2026-09-12T20:55:17.648Z	@opennextjs/cloudflare version: 1.20.6
2026-09-12T20:55:17.648Z	@opennextjs/aws version: 4.1.4
2026-09-12T20:55:17.648Z	WARN workerd compatibility_date: 2025-08-15, consider updating your wrangler config to a more recent date to benefit from the latest features and fixes.
2026-09-12T20:55:17.650Z	
2026-09-12T20:55:17.650Z	┌─────────────────────────────────┐
2026-09-12T20:55:17.650Z	│ OpenNext — Building Next.js app │
2026-09-12T20:55:17.650Z	└─────────────────────────────────┘
2026-09-12T20:55:17.650Z	
2026-09-12T20:55:17.667Z	$ cross-env NODE_OPTIONS="--no-deprecation --max-old-space-size=8000" next build && opennextjs-cloudflare build
2026-09-12T20:55:18.109Z	▲ Next.js 16.3.3 (Turbopack)
2026-09-12T20:55:18.145Z	✓ Running next.config.ts took 36ms
2026-09-12T20:55:18.264Z	- Experiments (use with caution):
2026-09-12T20:55:18.265Z	  ⨯ turbopackServerFastRefresh
2026-09-12T20:55:18.265Z	
2026-09-12T20:55:18.306Z	  Creating an optimized production build ...
2026-09-12T20:55:20.419Z	✓ Compiled successfully in 1299ms
2026-09-12T20:55:20.425Z	  Running TypeScript ...
2026-09-12T20:55:24.766Z	  Finished TypeScript in 4.3s ...
2026-09-12T20:55:24.777Z	  Collecting page data using 3 workers ...
2026-09-12T20:55:26.860Z	⎔ Establishing remote connection...
2026-09-12T20:55:27.027Z	⎔ Establishing remote connection...
2026-09-12T20:55:28.706Z	  Generating static pages using 3 workers (0/2) ...
2026-09-12T20:55:29.069Z	✓ Generating static pages using 3 workers (2/2) in 364ms
2026-09-12T20:55:29.088Z	  Finalizing page optimization ...
2026-09-12T20:55:33.613Z	
2026-09-12T20:55:33.622Z	Route (app)
2026-09-12T20:55:33.622Z	┌ ○ /_not-found
2026-09-12T20:55:33.622Z	├ ƒ /admin/[[...segments]]
2026-09-12T20:55:33.622Z	└ ƒ /api/[...slug]
2026-09-12T20:55:33.622Z	
2026-09-12T20:55:33.622Z	
2026-09-12T20:55:33.622Z	○  (Static)   prerendered as static content
2026-09-12T20:55:33.622Z	ƒ  (Dynamic)  server-rendered on demand
2026-09-12T20:55:33.623Z	
2026-09-12T20:55:36.006Z	
2026-09-12T20:55:36.006Z	┌─────────────────────────────┐
2026-09-12T20:55:36.006Z	│ OpenNext — Cloudflare build │
2026-09-12T20:55:36.006Z	└─────────────────────────────┘
2026-09-12T20:55:36.006Z	
2026-09-12T20:55:36.165Z	App directory: /opt/buildhome/repo
2026-09-12T20:55:36.166Z	Next.js version : 16.3.3
2026-09-12T20:55:36.169Z	@opennextjs/cloudflare version: 1.20.6
2026-09-12T20:55:36.169Z	@opennextjs/aws version: 4.1.4
2026-09-12T20:55:36.170Z	WARN workerd compatibility_date: 2025-08-15, consider updating your wrangler config to a more recent date to benefit from the latest features and fixes.
2026-09-12T20:55:36.171Z	
2026-09-12T20:55:36.171Z	┌─────────────────────────────────┐
2026-09-12T20:55:36.171Z	│ OpenNext — Building Next.js app │
2026-09-12T20:55:36.171Z	└─────────────────────────────────┘
2026-09-12T20:55:36.171Z	
2026-09-12T20:55:36.190Z	$ cross-env NODE_OPTIONS="--no-deprecation --max-old-space-size=8000" next build && opennextjs-cloudflare build
2026-09-12T20:55:36.872Z	▲ Next.js 16.3.3 (Turbopack)
2026-09-12T20:55:36.926Z	✓ Running next.config.ts took 54ms
2026-09-12T20:55:37.069Z	- Experiments (use with caution):
2026-09-12T20:55:37.069Z	  ⨯ turbopackServerFastRefresh
2026-09-12T20:55:37.069Z	
2026-09-12T20:55:37.141Z	  Creating an optimized production build ...
2026-09-12T20:55:38.854Z	✓ Compiled successfully in 855ms
2026-09-12T20:55:38.859Z	  Running TypeScript ...
2026-09-12T20:55:42.907Z	  Finished TypeScript in 4.0s ...
2026-09-12T20:55:42.917Z	  Collecting page data using 3 workers ...
2026-09-12T20:55:45.167Z	⎔ Establishing remote connection...
2026-09-12T20:55:45.364Z	⎔ Establishing remote connection...
2026-09-12T20:55:47.024Z	  Generating static pages using 3 workers (0/2) ...
2026-09-12T20:55:47.240Z	✓ Generating static pages using 3 workers (2/2) in 217ms
2026-09-12T20:55:47.256Z	  Finalizing page optimization ...
2026-09-12T20:55:51.620Z	
2026-09-12T20:55:51.627Z	Route (app)
2026-09-12T20:55:51.628Z	┌ ○ /_not-found
2026-09-12T20:55:51.628Z	├ ƒ /admin/[[...segments]]
2026-09-12T20:55:51.628Z	└ ƒ /api/[...slug]
2026-09-12T20:55:51.628Z	
2026-09-12T20:55:51.628Z	
2026-09-12T20:55:51.628Z	○  (Static)   prerendered as static content
2026-09-12T20:55:51.628Z	ƒ  (Dynamic)  server-rendered on demand
2026-09-12T20:55:51.628Z	
2026-09-12T20:55:54.223Z	
2026-09-12T20:55:54.223Z	┌─────────────────────────────┐
2026-09-12T20:55:54.223Z	│ OpenNext — Cloudflare build │
2026-09-12T20:55:54.223Z	└─────────────────────────────┘
2026-09-12T20:55:54.224Z	
2026-09-12T20:55:54.224Z	App directory: /opt/buildhome/repo
2026-09-12T20:55:54.224Z	Next.js version : 16.3.3
2026-09-12T20:55:54.224Z	@opennextjs/cloudflare version: 1.20.6
2026-09-12T20:55:54.224Z	@opennextjs/aws version: 4.1.4
2026-09-12T20:55:54.224Z	
2026-09-12T20:55:54.224Z	┌─────────────────────────────────┐
2026-09-12T20:55:54.225Z	│ OpenNext — Building Next.js app │
2026-09-12T20:55:54.225Z	└─────────────────────────────────┘
2026-09-12T20:55:54.225Z	
2026-09-12T20:55:54.225Z	WARN workerd compatibility_date: 2025-08-15, consider updating your wrangler config to a more recent date to benefit from the latest features and fixes.
2026-09-12T20:55:56.367Z	$ cross-env NODE_OPTIONS="--no-deprecation --max-old-space-size=8000" next build && opennextjs-cloudflare build
2026-09-12T20:55:56.903Z	▲ Next.js 16.3.3 (Turbopack)
2026-09-12T20:55:56.959Z	✓ Running next.config.ts took 55ms
2026-09-12T20:55:57.123Z	- Experiments (use with caution):
2026-09-12T20:55:57.124Z	  ⨯ turbopackServerFastRefresh
2026-09-12T20:55:57.124Z	
2026-09-12T20:55:57.280Z	  Creating an optimized production build ...
2026-09-12T20:55:59.681Z	✓ Compiled successfully in 1480ms
2026-09-12T20:55:59.686Z	  Running TypeScript ...
2026-09-12T20:56:03.682Z	  Finished TypeScript in 4.0s ...
2026-09-12T20:56:03.695Z	  Collecting page data using 3 workers ...
2026-09-12T20:56:05.936Z	⎔ Establishing remote connection...
2026-09-12T20:56:06.083Z	⎔ Establishing remote connection...
2026-09-12T20:56:07.785Z	  Generating static pages using 3 workers (0/2) ...
2026-09-12T20:56:08.123Z	✓ Generating static pages using 3 workers (2/2) in 338ms
2026-09-12T20:56:08.146Z	  Finalizing page optimization ...
2026-09-12T20:56:11.570Z	
2026-09-12T20:56:11.574Z	Route (app)
2026-09-12T20:56:11.576Z	┌ ○ /_not-found
2026-09-12T20:56:11.576Z	├ ƒ /admin/[[...segments]]
2026-09-12T20:56:11.577Z	└ ƒ /api/[...slug]
2026-09-12T20:56:11.577Z	
2026-09-12T20:56:11.577Z	
2026-09-12T20:56:11.578Z	○  (Static)   prerendered as static content
2026-09-12T20:56:11.578Z	ƒ  (Dynamic)  server-rendered on demand
2026-09-12T20:56:11.578Z	
2026-09-12T20:56:15.714Z	
2026-09-12T20:56:15.714Z	┌─────────────────────────────┐
2026-09-12T20:56:15.714Z	│ OpenNext — Cloudflare build │
2026-09-12T20:56:15.715Z	└─────────────────────────────┘
2026-09-12T20:56:15.715Z	
2026-09-12T20:56:15.841Z	App directory: /opt/buildhome/repo
2026-09-12T20:56:15.841Z	Next.js version : 16.3.3
2026-09-12T20:56:15.844Z	@opennextjs/cloudflare version: 1.20.6
2026-09-12T20:56:15.844Z	@opennextjs/aws version: 4.1.4
2026-09-12T20:56:15.845Z	WARN workerd compatibility_date: 2025-08-15, consider updating your wrangler config to a more recent date to benefit from the latest features and fixes.
2026-09-12T20:56:15.847Z	
2026-09-12T20:56:15.847Z	┌─────────────────────────────────┐
2026-09-12T20:56:15.847Z	│ OpenNext — Building Next.js app │
2026-09-12T20:56:15.847Z	└─────────────────────────────────┘
2026-09-12T20:56:15.847Z	
2026-09-12T20:56:15.867Z	$ cross-env NODE_OPTIONS="--no-deprecation --max-old-space-size=8000" next build && opennextjs-cloudflare build
2026-09-12T20:56:16.464Z	▲ Next.js 16.3.3 (Turbopack)
2026-09-12T20:56:16.513Z	✓ Running next.config.ts took 49ms
2026-09-12T20:56:16.650Z	- Experiments (use with caution):
2026-09-12T20:56:16.650Z	  ⨯ turbopackServerFastRefresh
2026-09-12T20:56:16.650Z	
2026-09-12T20:56:16.686Z	  Creating an optimized production build ...
2026-09-12T20:56:18.893Z	✓ Compiled successfully in 1371ms
2026-09-12T20:56:18.900Z	  Running TypeScript ...
2026-09-12T20:56:22.874Z	  Finished TypeScript in 4.0s ...
2026-09-12T20:56:22.879Z	  Collecting page data using 3 workers ...
2026-09-12T20:56:24.877Z	⎔ Establishing remote connection...
2026-09-12T20:56:24.940Z	⎔ Establishing remote connection...
2026-09-12T20:56:26.840Z	  Generating static pages using 3 workers (0/2) ...
2026-09-12T20:56:27.038Z	✓ Generating static pages using 3 workers (2/2) in 197ms
2026-09-12T20:56:27.048Z	  Finalizing page optimization ...
2026-09-12T20:56:30.151Z	
2026-09-12T20:56:30.155Z	Route (app)
2026-09-12T20:56:30.155Z	┌ ○ /_not-found
2026-09-12T20:56:30.156Z	├ ƒ /admin/[[...segments]]
2026-09-12T20:56:30.156Z	└ ƒ /api/[...slug]
2026-09-12T20:56:30.156Z	
2026-09-12T20:56:30.156Z	
2026-09-12T20:56:30.156Z	○  (Static)   prerendered as static content
2026-09-12T20:56:30.156Z	ƒ  (Dynamic)  server-rendered on demand
2026-09-12T20:56:30.156Z	
2026-09-12T20:56:32.003Z	
2026-09-12T20:56:32.003Z	┌─────────────────────────────┐
2026-09-12T20:56:32.003Z	│ OpenNext — Cloudflare build │
2026-09-12T20:56:32.003Z	└─────────────────────────────┘
2026-09-12T20:56:32.003Z	
2026-09-12T20:56:32.146Z	App directory: /opt/buildhome/repo
2026-09-12T20:56:32.146Z	Next.js version : 16.3.3
2026-09-12T20:56:32.149Z	@opennextjs/cloudflare version: 1.20.6
2026-09-12T20:56:32.149Z	@opennextjs/aws version: 4.1.4
2026-09-12T20:56:32.149Z	WARN workerd compatibility_date: 2025-08-15, consider updating your wrangler config to a more recent date to benefit from the latest features and fixes.
2026-09-12T20:56:32.151Z	
2026-09-12T20:56:32.151Z	┌─────────────────────────────────┐
2026-09-12T20:56:32.151Z	│ OpenNext — Building Next.js app │
2026-09-12T20:56:32.151Z	└─────────────────────────────────┘
2026-09-12T20:56:32.151Z	
2026-09-12T20:56:32.167Z	$ cross-env NODE_OPTIONS="--no-deprecation --max-old-space-size=8000" next build && opennextjs-cloudflare build
2026-09-12T20:56:32.706Z	▲ Next.js 16.3.3 (Turbopack)
2026-09-12T20:56:32.751Z	✓ Running next.config.ts took 48ms
2026-09-12T20:56:32.866Z	- Experiments (use with caution):
2026-09-12T20:56:32.867Z	  ⨯ turbopackServerFastRefresh
2026-09-12T20:56:32.867Z	
2026-09-12T20:56:32.905Z	  Creating an optimized production build ...
2026-09-12T20:56:35.216Z	✓ Compiled successfully in 1455ms
2026-09-12T20:56:35.222Z	  Running TypeScript ...
2026-09-12T20:56:39.402Z	  Finished TypeScript in 4.2s ...
2026-09-12T20:56:39.407Z	  Collecting page data using 3 workers ...
2026-09-12T20:56:41.317Z	⎔ Establishing remote connection...
2026-09-12T20:56:41.671Z	⎔ Establishing remote connection...
2026-09-12T20:56:43.210Z	  Generating static pages using 3 workers (0/2) ...
2026-09-12T20:56:43.393Z	✓ Generating static pages using 3 workers (2/2) in 183ms
2026-09-12T20:56:43.400Z	  Finalizing page optimization ...
2026-09-12T20:56:46.203Z	
2026-09-12T20:56:46.206Z	Route (app)
2026-09-12T20:56:46.206Z	┌ ○ /_not-found
2026-09-12T20:56:46.206Z	├ ƒ /admin/[[...segments]]
2026-09-12T20:56:46.206Z	└ ƒ /api/[...slug]
2026-09-12T20:56:46.206Z	
2026-09-12T20:56:46.206Z	
2026-09-12T20:56:46.206Z	○  (Static)   prerendered as static content
2026-09-12T20:56:46.206Z	ƒ  (Dynamic)  server-rendered on demand
2026-09-12T20:56:46.206Z	
2026-09-12T20:56:47.822Z	
2026-09-12T20:56:47.822Z	┌─────────────────────────────┐
2026-09-12T20:56:47.822Z	│ OpenNext — Cloudflare build │
2026-09-12T20:56:47.822Z	└─────────────────────────────┘
2026-09-12T20:56:47.822Z	
2026-09-12T20:56:47.947Z	App directory: /opt/buildhome/repo
2026-09-12T20:56:47.948Z	Next.js version : 16.3.3
2026-09-12T20:56:47.949Z	@opennextjs/cloudflare version: 1.20.6
2026-09-12T20:56:47.950Z	@opennextjs/aws version: 4.1.4
2026-09-12T20:56:47.950Z	WARN workerd compatibility_date: 2025-08-15, consider updating your wrangler config to a more recent date to benefit from the latest features and fixes.
2026-09-12T20:56:47.951Z	
2026-09-12T20:56:47.951Z	┌─────────────────────────────────┐
2026-09-12T20:56:47.951Z	│ OpenNext — Building Next.js app │
2026-09-12T20:56:47.952Z	└─────────────────────────────────┘
2026-09-12T20:56:47.952Z	
2026-09-12T20:56:47.971Z	$ cross-env NODE_OPTIONS="--no-deprecation --max-old-space-size=8000" next build && opennextjs-cloudflare build
2026-09-12T20:56:48.436Z	▲ Next.js 16.3.3 (Turbopack)
2026-09-12T20:56:53.601Z	✓ Running next.config.ts took 5.2s
2026-09-12T20:56:53.697Z	- Experiments (use with caution):
2026-09-12T20:56:53.697Z	  ⨯ turbopackServerFastRefresh
2026-09-12T20:56:53.697Z	
2026-09-12T20:56:53.736Z	  Creating an optimized production build ...
2026-09-12T20:56:54.996Z	✓ Compiled successfully in 507ms
2026-09-12T20:56:55.000Z	  Running TypeScript ...
2026-09-12T20:56:58.823Z	  Finished TypeScript in 3.8s ...
2026-09-12T20:56:58.826Z	  Collecting page data using 3 workers ...
2026-09-12T20:57:00.840Z	⎔ Establishing remote connection...
2026-09-12T20:57:01.034Z	⎔ Establishing remote connection...
2026-09-12T20:57:02.888Z	  Generating static pages using 3 workers (0/2) ...
2026-09-12T20:57:03.196Z	✓ Generating static pages using 3 workers (2/2) in 307ms
2026-09-12T20:57:03.210Z	  Finalizing page optimization ...
2026-09-12T20:57:04.972Z	
2026-09-12T20:57:04.976Z	Route (app)
2026-09-12T20:57:04.976Z	┌ ○ /_not-found
2026-09-12T20:57:04.976Z	├ ƒ /admin/[[...segments]]
2026-09-12T20:57:04.976Z	└ ƒ /api/[...slug]
2026-09-12T20:57:04.976Z	
2026-09-12T20:57:04.976Z	
2026-09-12T20:57:04.976Z	○  (Static)   prerendered as static content
2026-09-12T20:57:04.976Z	ƒ  (Dynamic)  server-rendered on demand
2026-09-12T20:57:04.976Z	
2026-09-12T20:57:07.023Z	
2026-09-12T20:57:07.023Z	┌─────────────────────────────┐
2026-09-12T20:57:07.023Z	│ OpenNext — Cloudflare build │
2026-09-12T20:57:07.023Z	└─────────────────────────────┘
2026-09-12T20:57:07.023Z	
2026-09-12T20:57:07.187Z	App directory: /opt/buildhome/repo
2026-09-12T20:57:07.187Z	Next.js version : 16.3.3
2026-09-12T20:57:07.189Z	@opennextjs/cloudflare version: 1.20.6
2026-09-12T20:57:07.190Z	@opennextjs/aws version: 4.1.4
2026-09-12T20:57:07.190Z	WARN workerd compatibility_date: 2025-08-15, consider updating your wrangler config to a more recent date to benefit from the latest features and fixes.
2026-09-12T20:57:07.192Z	
2026-09-12T20:57:07.192Z	┌─────────────────────────────────┐
2026-09-12T20:57:07.192Z	│ OpenNext — Building Next.js app │
2026-09-12T20:57:07.192Z	└─────────────────────────────────┘
2026-09-12T20:57:07.192Z	
2026-09-12T20:57:07.211Z	$ cross-env NODE_OPTIONS="--no-deprecation --max-old-space-size=8000" next build && opennextjs-cloudflare build
2026-09-12T20:57:07.765Z	▲ Next.js 16.3.3 (Turbopack)
2026-09-12T20:57:07.819Z	✓ Running next.config.ts took 53ms
2026-09-12T20:57:07.936Z	- Experiments (use with caution):
2026-09-12T20:57:07.936Z	  ⨯ turbopackServerFastRefresh
2026-09-12T20:57:07.937Z	
2026-09-12T20:57:07.975Z	  Creating an optimized production build ...
2026-09-12T20:57:17.045Z	✓ Compiled successfully in 8.2s
2026-09-12T20:57:17.048Z	  Running TypeScript ...
2026-09-12T20:57:21.678Z	  Finished TypeScript in 4.6s ...
2026-09-12T20:57:21.687Z	  Collecting page data using 3 workers ...
2026-09-12T20:57:24.206Z	⎔ Establishing remote connection...
2026-09-12T20:57:24.393Z	⎔ Establishing remote connection...
2026-09-12T20:57:26.315Z	  Generating static pages using 3 workers (0/2) ...
2026-09-12T20:57:26.590Z	✓ Generating static pages using 3 workers (2/2) in 275ms
2026-09-12T20:57:26.600Z	  Finalizing page optimization ...
2026-09-12T20:57:27.997Z	
2026-09-12T20:57:28.000Z	Route (app)
2026-09-12T20:57:28.001Z	┌ ○ /_not-found
2026-09-12T20:57:28.001Z	├ ƒ /admin/[[...segments]]
2026-09-12T20:57:28.001Z	└ ƒ /api/[...slug]
2026-09-12T20:57:28.001Z	
2026-09-12T20:57:28.001Z	
2026-09-12T20:57:28.001Z	○  (Static)   prerendered as static content
2026-09-12T20:57:28.001Z	ƒ  (Dynamic)  server-rendered on demand
2026-09-12T20:57:28.001Z	
2026-09-12T20:57:30.152Z	
2026-09-12T20:57:30.152Z	┌─────────────────────────────┐
2026-09-12T20:57:30.153Z	│ OpenNext — Cloudflare build │
2026-09-12T20:57:30.153Z	└─────────────────────────────┘
2026-09-12T20:57:30.153Z	
2026-09-12T20:57:30.302Z	App directory: /opt/buildhome/repo
2026-09-12T20:57:30.302Z	Next.js version : 16.3.3
2026-09-12T20:57:30.304Z	@opennextjs/cloudflare version: 1.20.6
2026-09-12T20:57:30.304Z	@opennextjs/aws version: 4.1.4
2026-09-12T20:57:30.304Z	WARN workerd compatibility_date: 2025-08-15, consider updating your wrangler config to a more recent date to benefit from the latest features and fixes.
2026-09-12T20:57:30.306Z	
2026-09-12T20:57:30.306Z	┌─────────────────────────────────┐
2026-09-12T20:57:30.306Z	│ OpenNext — Building Next.js app │
2026-09-12T20:57:30.306Z	└─────────────────────────────────┘
2026-09-12T20:57:30.306Z	
2026-09-12T20:57:30.323Z	$ cross-env NODE_OPTIONS="--no-deprecation --max-old-space-size=8000" next build && opennextjs-cloudflare build
2026-09-12T20:57:30.833Z	▲ Next.js 16.3.3 (Turbopack)
2026-09-12T20:57:30.889Z	✓ Running next.config.ts took 55ms
2026-09-12T20:57:31.001Z	- Experiments (use with caution):
2026-09-12T20:57:31.002Z	  ⨯ turbopackServerFastRefresh
2026-09-12T20:57:31.002Z	
2026-09-12T20:57:31.060Z	  Creating an optimized production build ...
2026-09-12T20:57:39.556Z	✓ Compiled successfully in 7.7s
2026-09-12T20:57:39.564Z	  Running TypeScript ...
2026-09-12T20:57:44.339Z	  Finished TypeScript in 4.8s ...
2026-09-12T20:57:44.345Z	  Collecting page data using 3 workers ...
2026-09-12T20:57:46.618Z	⎔ Establishing remote connection...
2026-09-12T20:57:46.941Z	⎔ Establishing remote connection...
2026-09-12T20:57:50.499Z	  Generating static pages using 3 workers (0/2) ...
2026-09-12T20:57:52.979Z	✓ Generating static pages using 3 workers (2/2) in 2.5s
2026-09-12T20:57:52.991Z	  Finalizing page optimization ...
2026-09-12T20:57:58.946Z	
2026-09-12T20:57:58.948Z	Route (app)
2026-09-12T20:57:58.948Z	┌ ○ /_not-found
2026-09-12T20:57:58.948Z	├ ƒ /admin/[[...segments]]
2026-09-12T20:57:58.948Z	└ ƒ /api/[...slug]
2026-09-12T20:57:58.948Z	
2026-09-12T20:57:58.948Z	
2026-09-12T20:57:58.948Z	○  (Static)   prerendered as static content
2026-09-12T20:57:58.949Z	ƒ  (Dynamic)  server-rendered on demand
2026-09-12T20:57:58.949Z	
2026-09-12T20:58:03.314Z	
2026-09-12T20:58:03.314Z	┌─────────────────────────────┐
2026-09-12T20:58:03.314Z	│ OpenNext — Cloudflare build │
2026-09-12T20:58:03.314Z	└─────────────────────────────┘
2026-09-12T20:58:03.314Z	
2026-09-12T20:58:03.469Z	App directory: /opt/buildhome/repo
2026-09-12T20:58:03.469Z	Next.js version : 16.3.3
2026-09-12T20:58:03.471Z	@opennextjs/cloudflare version: 1.20.6
2026-09-12T20:58:03.471Z	@opennextjs/aws version: 4.1.4
2026-09-12T20:58:03.472Z	WARN workerd compatibility_date: 2025-08-15, consider updating your wrangler config to a more recent date to benefit from the latest features and fixes.
2026-09-12T20:58:04.462Z	
2026-09-12T20:58:04.463Z	┌─────────────────────────────────┐
2026-09-12T20:58:04.463Z	│ OpenNext — Building Next.js app │
2026-09-12T20:58:04.463Z	└─────────────────────────────────┘
2026-09-12T20:58:04.463Z	
2026-09-12T20:58:06.591Z	$ cross-env NODE_OPTIONS="--no-deprecation --max-old-space-size=8000" next build && opennextjs-cloudflare build
2026-09-12T20:58:07.137Z	▲ Next.js 16.3.3 (Turbopack)
2026-09-12T20:58:08.466Z	✓ Running next.config.ts took 1330ms
2026-09-12T20:58:17.692Z	- Experiments (use with caution):
2026-09-12T20:58:17.692Z	  ⨯ turbopackServerFastRefresh
2026-09-12T20:58:17.692Z	
2026-09-12T20:58:17.764Z	  Creating an optimized production build ...
2026-09-12T20:58:21.427Z	✓ Compiled successfully in 2.8s
2026-09-12T20:58:21.432Z	  Running TypeScript ...
2026-09-12T20:58:40.529Z	  Finished TypeScript in 19.1s ...
2026-09-12T20:58:40.534Z	  Collecting page data using 3 workers ...
2026-09-12T20:58:43.330Z	⎔ Establishing remote connection...
2026-09-12T20:58:43.458Z	⎔ Establishing remote connection...
2026-09-12T20:58:46.612Z	  Generating static pages using 3 workers (0/2) ...
2026-09-12T20:58:46.908Z	✓ Generating static pages using 3 workers (2/2) in 296ms
2026-09-12T20:58:46.920Z	  Finalizing page optimization ...
2026-09-12T20:58:50.335Z	
2026-09-12T20:58:50.340Z	Route (app)
2026-09-12T20:58:50.341Z	┌ ○ /_not-found
2026-09-12T20:58:50.341Z	├ ƒ /admin/[[...segments]]
2026-09-12T20:58:50.341Z	└ ƒ /api/[...slug]
2026-09-12T20:58:50.341Z	
2026-09-12T20:58:50.341Z	
2026-09-12T20:58:50.341Z	○  (Static)   prerendered as static content
2026-09-12T20:58:50.341Z	ƒ  (Dynamic)  server-rendered on demand
2026-09-12T20:58:50.341Z	
2026-09-12T20:58:59.143Z	
2026-09-12T20:58:59.143Z	┌─────────────────────────────┐
2026-09-12T20:58:59.143Z	│ OpenNext — Cloudflare build │
2026-09-12T20:58:59.143Z	└─────────────────────────────┘
2026-09-12T20:58:59.143Z	
2026-09-12T20:58:59.301Z	App directory: /opt/buildhome/repo
2026-09-12T20:58:59.301Z	Next.js version : 16.3.3
2026-09-12T20:58:59.304Z	@opennextjs/cloudflare version: 1.20.6
2026-09-12T20:58:59.304Z	@opennextjs/aws version: 4.1.4
2026-09-12T20:58:59.304Z	WARN workerd compatibility_date: 2025-08-15, consider updating your wrangler config to a more recent date to benefit from the latest features and fixes.
2026-09-12T20:58:59.313Z	
2026-09-12T20:58:59.313Z	┌─────────────────────────────────┐
2026-09-12T20:58:59.313Z	│ OpenNext — Building Next.js app │
2026-09-12T20:58:59.313Z	└─────────────────────────────────┘
2026-09-12T20:58:59.313Z	
2026-09-12T20:58:59.363Z	$ cross-env NODE_OPTIONS="--no-deprecation --max-old-space-size=8000" next build && opennextjs-cloudflare build
2026-09-12T20:59:00.057Z	▲ Next.js 16.3.3 (Turbopack)
2026-09-12T20:59:00.129Z	✓ Running next.config.ts took 72ms
2026-09-12T20:59:00.260Z	- Experiments (use with caution):
2026-09-12T20:59:00.260Z	  ⨯ turbopackServerFastRefresh
2026-09-12T20:59:00.260Z	
2026-09-12T20:59:00.324Z	  Creating an optimized production build ...
2026-09-12T20:59:08.371Z	✓ Compiled successfully in 7.2s
2026-09-12T20:59:08.379Z	  Running TypeScript ...
2026-09-12T20:59:16.280Z	  Finished TypeScript in 7.9s ...
2026-09-12T20:59:16.285Z	  Collecting page data using 3 workers ...
2026-09-12T20:59:18.853Z	⎔ Establishing remote connection...
2026-09-12T20:59:18.922Z	⎔ Establishing remote connection...
2026-09-12T20:59:21.507Z	  Generating static pages using 3 workers (0/2) ...
2026-09-12T20:59:22.696Z	✓ Generating static pages using 3 workers (2/2) in 1369ms
2026-09-12T20:59:22.927Z	  Finalizing page optimization ...
2026-09-12T20:59:24.294Z	
2026-09-12T20:59:24.297Z	Route (app)
2026-09-12T20:59:24.298Z	┌ ○ /_not-found
2026-09-12T20:59:24.298Z	├ ƒ /admin/[[...segments]]
2026-09-12T20:59:24.298Z	└ ƒ /api/[...slug]
2026-09-12T20:59:24.298Z	
2026-09-12T20:59:24.298Z	
2026-09-12T20:59:24.298Z	○  (Static)   prerendered as static content
2026-09-12T20:59:24.306Z	ƒ  (Dynamic)  server-rendered on demand
2026-09-12T20:59:24.306Z	
2026-09-12T20:59:33.455Z	
2026-09-12T20:59:33.455Z	┌─────────────────────────────┐
2026-09-12T20:59:33.455Z	│ OpenNext — Cloudflare build │
2026-09-12T20:59:33.455Z	└─────────────────────────────┘
2026-09-12T20:59:33.455Z	
2026-09-12T20:59:34.075Z	App directory: /opt/buildhome/repo
2026-09-12T20:59:34.076Z	Next.js version : 16.3.3
2026-09-12T20:59:34.078Z	@opennextjs/cloudflare version: 1.20.6
2026-09-12T20:59:34.078Z	@opennextjs/aws version: 4.1.4
2026-09-12T20:59:34.078Z	WARN workerd compatibility_date: 2025-08-15, consider updating your wrangler config to a more recent date to benefit from the latest features and fixes.
2026-09-12T20:59:34.083Z	
2026-09-12T20:59:34.083Z	┌─────────────────────────────────┐
2026-09-12T20:59:34.083Z	│ OpenNext — Building Next.js app │
2026-09-12T20:59:34.083Z	└─────────────────────────────────┘
2026-09-12T20:59:34.083Z	
2026-09-12T20:59:35.399Z	$ cross-env NODE_OPTIONS="--no-deprecation --max-old-space-size=8000" next build && opennextjs-cloudflare build
2026-09-12T20:59:35.943Z	▲ Next.js 16.3.3 (Turbopack)
2026-09-12T20:59:36.614Z	✓ Running next.config.ts took 671ms
2026-09-12T20:59:36.742Z	- Experiments (use with caution):
2026-09-12T20:59:36.743Z	  ⨯ turbopackServerFastRefresh
2026-09-12T20:59:36.743Z	
2026-09-12T20:59:36.800Z	  Creating an optimized production build ...
2026-09-12T20:59:42.102Z	✓ Compiled successfully in 4.4s
2026-09-12T20:59:42.102Z	  Running TypeScript ...
2026-09-12T20:59:48.151Z	  Finished TypeScript in 6.0s ...
2026-09-12T20:59:48.151Z	  Collecting page data using 3 workers ...
2026-09-12T20:59:51.469Z	⎔ Establishing remote connection...
2026-09-12T20:43:01.130Z	Initializing build environment...
2026-09-12T20:43:06.253Z	Success: Finished initializing build environment
2026-09-12T20:43:06.903Z	Cloning repository...
2026-09-12T20:43:14.528Z	No build output detected to cache. Skipping.
2026-09-12T20:43:14.529Z	No dependencies detected to cache. Skipping.
2026-09-12T20:43:14.534Z	Detected the following tools from environment: bun@1.2.15, nodejs@24.18.0
2026-09-12T20:43:14.537Z	Installing project dependencies: bun install
2026-09-12T20:43:15.594Z	bun install v1.2.15 (df017990)
2026-09-12T20:43:15.611Z	Resolving dependencies
2026-09-12T20:43:23.006Z	Resolved, downloaded and extracted [3680]
2026-09-12T20:43:23.007Z	warn: incorrect peer dependency "wrangler@4.116.0"
2026-09-12T20:43:26.219Z	Saved lockfile
2026-09-12T20:43:26.220Z	
2026-09-12T20:43:26.221Z	+ eslint@9.39.5 (v10.10.0 available)
2026-09-12T20:43:26.221Z	+ eslint-config-next@16.3.3 (v16.3.5 available)
2026-09-12T20:43:26.221Z	+ prettier@3.9.6
2026-09-12T20:43:26.222Z	+ tsx@4.22.4 (v4.23.13 available)
2026-09-12T20:43:26.222Z	+ typescript@6.0.3 (v7.0.2 available)
2026-09-12T20:43:26.222Z	+ wrangler@4.116.0 (v4.131.1 available)
2026-09-12T20:43:26.222Z	+ @opennextjs/cloudflare@1.20.6
2026-09-12T20:43:26.222Z	+ @payloadcms/db-d1-sqlite@3.89.0
2026-09-12T20:43:26.222Z	+ @payloadcms/next@3.89.0
2026-09-12T20:43:26.222Z	+ @payloadcms/richtext-lexical@3.89.0
2026-09-12T20:43:26.222Z	+ @payloadcms/storage-r2@3.89.0
2026-09-12T20:43:26.222Z	+ @payloadcms/ui@3.89.0
2026-09-12T20:43:26.227Z	+ cross-env@10.1.0
2026-09-12T20:43:26.227Z	+ graphql@16.14.2 (v17.0.2 available)
2026-09-12T20:43:26.228Z	+ next@16.3.3 (v16.3.5 available)
2026-09-12T20:43:26.228Z	+ payload@3.89.0
2026-09-12T20:43:26.228Z	+ react@19.2.6 (v19.3.0 available)
2026-09-12T20:43:26.228Z	+ react-dom@19.2.6 (v19.3.0 available)
2026-09-12T20:43:26.229Z	
2026-09-12T20:43:26.230Z	907 packages installed [10.83s]
2026-09-12T20:43:26.230Z	
2026-09-12T20:43:26.230Z	Blocked 1 postinstall. Run `bun pm untrusted` for details.
2026-09-12T20:43:26.546Z	Executing user build command: pnpm run build
2026-09-12T20:43:27.738Z	
2026-09-12T20:43:27.739Z	> luckread@ build /opt/buildhome/repo
2026-09-12T20:43:27.739Z	> cross-env NODE_OPTIONS="--no-deprecation --max-old-space-size=8000" next build && opennextjs-cloudflare build
2026-09-12T20:43:27.739Z	
2026-09-12T20:43:28.268Z	▲ Next.js 16.3.3 (Turbopack)
2026-09-12T20:43:28.340Z	✓ Running next.config.ts took 72ms
2026-09-12T20:43:28.341Z	⚠ No build cache found. Please configure build caching for faster rebuilds. Read more: https://nextjs.org/docs/messages/no-cache
2026-09-12T20:43:28.446Z	Attention: Next.js now collects completely anonymous telemetry regarding usage.
2026-09-12T20:43:28.447Z	This information is used to shape Next.js' roadmap and prioritize features.
2026-09-12T20:43:28.447Z	You can learn more, including how to opt-out if you'd not like to participate in this anonymous program, by visiting the following URL:
2026-09-12T20:43:28.447Z	https://nextjs.org/telemetry
2026-09-12T20:43:28.447Z	
2026-09-12T20:43:28.479Z	- Experiments (use with caution):
2026-09-12T20:43:28.480Z	  ⨯ turbopackServerFastRefresh
2026-09-12T20:43:28.480Z	
2026-09-12T20:43:28.561Z	  Creating an optimized production build ...
2026-09-12T20:44:02.402Z	✓ Compiled successfully in 32.7s
2026-09-12T20:44:02.428Z	  Running TypeScript ...
2026-09-12T20:44:02.446Z	
2026-09-12T20:44:02.446Z	  We detected TypeScript in your project and reconfigured your tsconfig.json file for you.
2026-09-12T20:44:02.446Z	  The following suggested values were added to your tsconfig.json. These values can be changed to fit your project's needs:
2026-09-12T20:44:02.446Z	
2026-09-12T20:44:02.447Z	  	- include was updated to add '.next/dev/types/**/*.ts'
2026-09-12T20:44:02.447Z	
2026-09-12T20:44:02.447Z	  The following mandatory changes were made to your tsconfig.json:
2026-09-12T20:44:02.447Z	
2026-09-12T20:44:02.447Z	  	- jsx was set to react-jsx (next.js uses the React automatic runtime)
2026-09-12T20:44:02.447Z	
2026-09-12T20:44:09.741Z	  Finished TypeScript in 7.3s ...
2026-09-12T20:44:09.746Z	  Collecting page data using 3 workers ...
2026-09-12T20:44:12.273Z	⎔ Establishing remote connection...
2026-09-12T20:44:12.391Z	⎔ Establishing remote connection...
2026-09-12T20:44:13.943Z	  Generating static pages using 3 workers (0/2) ...
2026-09-12T20:44:14.158Z	✓ Generating static pages using 3 workers (2/2) in 211ms
2026-09-12T20:44:14.173Z	  Finalizing page optimization ...
2026-09-12T20:44:14.194Z	
2026-09-12T20:44:14.196Z	Route (app)
2026-09-12T20:44:14.198Z	┌ ○ /_not-found
2026-09-12T20:44:14.198Z	├ ƒ /admin/[[...segments]]
2026-09-12T20:44:14.199Z	└ ƒ /api/[...slug]
2026-09-12T20:44:14.199Z	
2026-09-12T20:44:14.199Z	
2026-09-12T20:44:14.199Z	○  (Static)   prerendered as static content
2026-09-12T20:44:14.199Z	ƒ  (Dynamic)  server-rendered on demand
2026-09-12T20:44:14.199Z	
2026-09-12T20:44:16.727Z	
2026-09-12T20:44:16.727Z	┌─────────────────────────────┐
2026-09-12T20:44:16.727Z	│ OpenNext — Cloudflare build │
2026-09-12T20:44:16.727Z	└─────────────────────────────┘
2026-09-12T20:44:16.727Z	
2026-09-12T20:44:16.860Z	App directory: /opt/buildhome/repo
2026-09-12T20:44:16.860Z	Next.js version : 16.3.3
2026-09-12T20:44:16.862Z	@opennextjs/cloudflare version: 1.20.6
2026-09-12T20:44:16.862Z	@opennextjs/aws version: 4.1.4
2026-09-12T20:44:16.862Z	WARN workerd compatibility_date: 2025-08-15, consider updating your wrangler config to a more recent date to benefit from the latest features and fixes.
2026-09-12T20:44:16.864Z	
2026-09-12T20:44:16.864Z	┌─────────────────────────────────┐
2026-09-12T20:44:16.864Z	│ OpenNext — Building Next.js app │
2026-09-12T20:44:16.864Z	└─────────────────────────────────┘
2026-09-12T20:44:16.864Z	
2026-09-12T20:44:17.027Z	$ cross-env NODE_OPTIONS="--no-deprecation --max-old-space-size=8000" next build && opennextjs-cloudflare build
2026-09-12T20:44:17.526Z	▲ Next.js 16.3.3 (Turbopack)
2026-09-12T20:44:17.572Z	✓ Running next.config.ts took 45ms
2026-09-12T20:44:17.643Z	- Experiments (use with caution):
2026-09-12T20:44:17.643Z	  ⨯ turbopackServerFastRefresh
2026-09-12T20:44:17.644Z	
2026-09-12T20:44:17.694Z	  Creating an optimized production build ...
2026-09-12T20:44:25.864Z	✓ Compiled successfully in 7.3s
2026-09-12T20:44:25.869Z	  Running TypeScript ...
2026-09-12T20:44:30.817Z	  Finished TypeScript in 4.9s ...
2026-09-12T20:44:30.824Z	  Collecting page data using 3 workers ...
2026-09-12T20:44:33.453Z	⎔ Establishing remote connection...
2026-09-12T20:44:33.772Z	⎔ Establishing remote connection...
2026-09-12T20:44:35.672Z	  Generating static pages using 3 workers (0/2) ...
2026-09-12T20:44:35.947Z	✓ Generating static pages using 3 workers (2/2) in 274ms
2026-09-12T20:44:35.959Z	  Finalizing page optimization ...
2026-09-12T20:44:36.800Z	
2026-09-12T20:44:36.805Z	Route (app)
2026-09-12T20:44:36.806Z	┌ ○ /_not-found
2026-09-12T20:44:36.806Z	├ ƒ /admin/[[...segments]]
2026-09-12T20:44:36.806Z	└ ƒ /api/[...slug]
2026-09-12T20:44:36.806Z	
2026-09-12T20:44:36.806Z	
2026-09-12T20:44:36.806Z	○  (Static)   prerendered as static content
2026-09-12T20:44:36.806Z	ƒ  (Dynamic)  server-rendered on demand
2026-09-12T20:44:36.806Z	
2026-09-12T20:44:39.401Z	
2026-09-12T20:44:39.407Z	┌─────────────────────────────┐
2026-09-12T20:44:39.407Z	│ OpenNext — Cloudflare build │
2026-09-12T20:44:39.407Z	└─────────────────────────────┘
2026-09-12T20:44:39.407Z	
2026-09-12T20:44:39.608Z	App directory: /opt/buildhome/repo
2026-09-12T20:44:39.608Z	Next.js version : 16.3.3
2026-09-12T20:44:39.610Z	@opennextjs/cloudflare version: 1.20.6
2026-09-12T20:44:39.611Z	@opennextjs/aws version: 4.1.4
2026-09-12T20:44:39.611Z	WARN workerd compatibility_date: 2025-08-15, consider updating your wrangler config to a more recent date to benefit from the latest features and fixes.
2026-09-12T20:44:39.614Z	
2026-09-12T20:44:39.615Z	┌─────────────────────────────────┐
2026-09-12T20:44:39.615Z	│ OpenNext — Building Next.js app │
2026-09-12T20:44:39.615Z	└─────────────────────────────────┘
2026-09-12T20:44:39.615Z	
2026-09-12T20:44:39.641Z	$ cross-env NODE_OPTIONS="--no-deprecation --max-old-space-size=8000" next build && opennextjs-cloudflare build
2026-09-12T20:44:40.391Z	▲ Next.js 16.3.3 (Turbopack)
2026-09-12T20:44:40.479Z	✓ Running next.config.ts took 87ms
2026-09-12T20:44:40.650Z	- Experiments (use with caution):
2026-09-12T20:44:40.651Z	  ⨯ turbopackServerFastRefresh
2026-09-12T20:44:40.652Z	
2026-09-12T20:44:40.714Z	  Creating an optimized production build ...
2026-09-12T20:44:42.630Z	✓ Compiled successfully in 946ms
2026-09-12T20:44:42.635Z	  Running TypeScript ...
2026-09-12T20:44:47.174Z	  Finished TypeScript in 4.5s ...
2026-09-12T20:44:47.183Z	  Collecting page data using 3 workers ...
2026-09-12T20:44:49.630Z	⎔ Establishing remote connection...
2026-09-12T20:44:49.800Z	⎔ Establishing remote connection...
2026-09-12T20:44:51.424Z	  Generating static pages using 3 workers (0/2) ...
2026-09-12T20:44:51.654Z	✓ Generating static pages using 3 workers (2/2) in 230ms
2026-09-12T20:44:51.664Z	  Finalizing page optimization ...
2026-09-12T20:44:52.868Z	
2026-09-12T20:44:52.871Z	Route (app)
2026-09-12T20:44:52.872Z	┌ ○ /_not-found
2026-09-12T20:44:52.872Z	├ ƒ /admin/[[...segments]]
2026-09-12T20:44:52.872Z	└ ƒ /api/[...slug]
2026-09-12T20:44:52.872Z	
2026-09-12T20:44:52.872Z	
2026-09-12T20:44:52.872Z	○  (Static)   prerendered as static content
2026-09-12T20:44:52.872Z	ƒ  (Dynamic)  server-rendered on demand
2026-09-12T20:44:52.872Z	
2026-09-12T20:44:54.891Z	
2026-09-12T20:44:54.891Z	┌─────────────────────────────┐
2026-09-12T20:44:54.891Z	│ OpenNext — Cloudflare build │
2026-09-12T20:44:54.891Z	└─────────────────────────────┘
2026-09-12T20:44:54.891Z	
2026-09-12T20:44:55.021Z	App directory: /opt/buildhome/repo
2026-09-12T20:44:55.021Z	Next.js version : 16.3.3
2026-09-12T20:44:55.023Z	@opennextjs/cloudflare version: 1.20.6
2026-09-12T20:44:55.024Z	@opennextjs/aws version: 4.1.4
2026-09-12T20:44:55.024Z	WARN workerd compatibility_date: 2025-08-15, consider updating your wrangler config to a more recent date to benefit from the latest features and fixes.
2026-09-12T20:44:55.027Z	
2026-09-12T20:44:55.027Z	┌─────────────────────────────────┐
2026-09-12T20:44:55.027Z	│ OpenNext — Building Next.js app │
2026-09-12T20:44:55.027Z	└─────────────────────────────────┘
2026-09-12T20:44:55.027Z	
2026-09-12T20:44:55.044Z	$ cross-env NODE_OPTIONS="--no-deprecation --max-old-space-size=8000" next build && opennextjs-cloudflare build
2026-09-12T20:44:55.540Z	▲ Next.js 16.3.3 (Turbopack)
2026-09-12T20:44:55.585Z	✓ Running next.config.ts took 48ms
2026-09-12T20:44:55.695Z	- Experiments (use with caution):
2026-09-12T20:44:55.695Z	  ⨯ turbopackServerFastRefresh
2026-09-12T20:44:55.696Z	
2026-09-12T20:44:55.737Z	  Creating an optimized production build ...
2026-09-12T20:44:57.462Z	✓ Compiled successfully in 883ms
2026-09-12T20:44:57.466Z	  Running TypeScript ...
2026-09-12T20:45:01.972Z	  Finished TypeScript in 4.5s ...
2026-09-12T20:45:01.981Z	  Collecting page data using 3 workers ...
2026-09-12T20:45:04.163Z	⎔ Establishing remote connection...
2026-09-12T20:45:04.367Z	⎔ Establishing remote connection...
2026-09-12T20:45:06.392Z	  Generating static pages using 3 workers (0/2) ...
2026-09-12T20:45:06.627Z	✓ Generating static pages using 3 workers (2/2) in 236ms
2026-09-12T20:45:06.649Z	  Finalizing page optimization ...
2026-09-12T20:45:09.029Z	
2026-09-12T20:45:09.032Z	Route (app)
2026-09-12T20:45:09.032Z	┌ ○ /_not-found
2026-09-12T20:45:09.032Z	├ ƒ /admin/[[...segments]]
2026-09-12T20:45:09.033Z	└ ƒ /api/[...slug]
2026-09-12T20:45:09.033Z	
2026-09-12T20:45:09.033Z	
2026-09-12T20:45:09.033Z	○  (Static)   prerendered as static content
2026-09-12T20:45:09.033Z	ƒ  (Dynamic)  server-rendered on demand
2026-09-12T20:45:09.033Z	
2026-09-12T20:45:11.379Z	
2026-09-12T20:45:11.380Z	┌─────────────────────────────┐
2026-09-12T20:45:11.382Z	│ OpenNext — Cloudflare build │
2026-09-12T20:45:11.382Z	└─────────────────────────────┘
2026-09-12T20:45:11.382Z	
2026-09-12T20:45:11.514Z	App directory: /opt/buildhome/repo
2026-09-12T20:45:11.514Z	Next.js version : 16.3.3
2026-09-12T20:45:11.518Z	@opennextjs/cloudflare version: 1.20.6
2026-09-12T20:45:11.518Z	@opennextjs/aws version: 4.1.4
2026-09-12T20:45:11.519Z	WARN workerd compatibility_date: 2025-08-15, consider updating your wrangler config to a more recent date to benefit from the latest features and fixes.
2026-09-12T20:45:11.522Z	
2026-09-12T20:45:11.522Z	┌─────────────────────────────────┐
2026-09-12T20:45:11.522Z	│ OpenNext — Building Next.js app │
2026-09-12T20:45:11.522Z	└─────────────────────────────────┘
2026-09-12T20:45:11.522Z	
2026-09-12T20:45:11.544Z	$ cross-env NODE_OPTIONS="--no-deprecation --max-old-space-size=8000" next build && opennextjs-cloudflare build
2026-09-12T20:45:12.161Z	▲ Next.js 16.3.3 (Turbopack)
2026-09-12T20:45:12.226Z	✓ Running next.config.ts took 63ms
2026-09-12T20:45:12.355Z	- Experiments (use with caution):
2026-09-12T20:45:12.355Z	  ⨯ turbopackServerFastRefresh
2026-09-12T20:45:12.356Z	
2026-09-12T20:45:12.401Z	  Creating an optimized production build ...
2026-09-12T20:45:14.371Z	✓ Compiled successfully in 1140ms
2026-09-12T20:45:14.376Z	  Running TypeScript ...
2026-09-12T20:45:18.474Z	  Finished TypeScript in 4.1s ...
2026-09-12T20:45:18.480Z	  Collecting page data using 3 workers ...
2026-09-12T20:45:20.766Z	⎔ Establishing remote connection...
2026-09-12T20:45:20.926Z	⎔ Establishing remote connection...
2026-09-12T20:45:22.598Z	  Generating static pages using 3 workers (0/2) ...
2026-09-12T20:45:22.777Z	✓ Generating static pages using 3 workers (2/2) in 179ms
2026-09-12T20:45:22.793Z	  Finalizing page optimization ...
2026-09-12T20:45:26.000Z	
2026-09-12T20:45:26.003Z	Route (app)
2026-09-12T20:45:26.003Z	┌ ○ /_not-found
2026-09-12T20:45:26.004Z	├ ƒ /admin/[[...segments]]
2026-09-12T20:45:26.004Z	└ ƒ /api/[...slug]
2026-09-12T20:45:26.004Z	
2026-09-12T20:45:26.004Z	
2026-09-12T20:45:26.004Z	○  (Static)   prerendered as static content
2026-09-12T20:45:26.005Z	ƒ  (Dynamic)  server-rendered on demand
2026-09-12T20:45:26.005Z	
2026-09-12T20:45:28.051Z	
2026-09-12T20:45:28.051Z	┌─────────────────────────────┐
2026-09-12T20:45:28.052Z	│ OpenNext — Cloudflare build │
2026-09-12T20:45:28.052Z	└─────────────────────────────┘
2026-09-12T20:45:28.052Z	
2026-09-12T20:45:28.267Z	App directory: /opt/buildhome/repo
2026-09-12T20:45:28.267Z	Next.js version : 16.3.3
2026-09-12T20:45:28.270Z	@opennextjs/cloudflare version: 1.20.6
2026-09-12T20:45:28.270Z	@opennextjs/aws version: 4.1.4
2026-09-12T20:45:28.271Z	WARN workerd compatibility_date: 2025-08-15, consider updating your wrangler config to a more recent date to benefit from the latest features and fixes.
2026-09-12T20:45:28.273Z	
2026-09-12T20:45:28.273Z	┌─────────────────────────────────┐
2026-09-12T20:45:28.274Z	│ OpenNext — Building Next.js app │
2026-09-12T20:45:28.274Z	└─────────────────────────────────┘
2026-09-12T20:45:28.274Z	
2026-09-12T20:45:28.298Z	$ cross-env NODE_OPTIONS="--no-deprecation --max-old-space-size=8000" next build && opennextjs-cloudflare build
2026-09-12T20:45:28.947Z	▲ Next.js 16.3.3 (Turbopack)
2026-09-12T20:45:29.001Z	✓ Running next.config.ts took 54ms
2026-09-12T20:45:29.148Z	- Experiments (use with caution):
2026-09-12T20:45:29.148Z	  ⨯ turbopackServerFastRefresh
2026-09-12T20:45:29.149Z	
2026-09-12T20:45:29.207Z	  Creating an optimized production build ...
2026-09-12T20:45:31.289Z	✓ Compiled successfully in 1220ms
2026-09-12T20:45:31.294Z	  Running TypeScript ...
2026-09-12T20:45:35.293Z	  Finished TypeScript in 4.0s ...
2026-09-12T20:45:35.304Z	  Collecting page data using 3 workers ...
2026-09-12T20:45:37.383Z	⎔ Establishing remote connection...
2026-09-12T20:45:37.546Z	⎔ Establishing remote connection...
2026-09-12T20:45:39.212Z	  Generating static pages using 3 workers (0/2) ...
2026-09-12T20:45:39.512Z	✓ Generating static pages using 3 workers (2/2) in 300ms
2026-09-12T20:45:39.537Z	  Finalizing page optimization ...
2026-09-12T20:45:43.053Z	
2026-09-12T20:45:43.056Z	Route (app)
2026-09-12T20:45:43.057Z	┌ ○ /_not-found
2026-09-12T20:45:43.057Z	├ ƒ /admin/[[...segments]]
2026-09-12T20:45:43.057Z	└ ƒ /api/[...slug]
2026-09-12T20:45:43.057Z	
2026-09-12T20:45:43.057Z	
2026-09-12T20:45:43.057Z	○  (Static)   prerendered as static content
2026-09-12T20:45:43.057Z	ƒ  (Dynamic)  server-rendered on demand
2026-09-12T20:45:43.057Z	
2026-09-12T20:45:45.083Z	
2026-09-12T20:45:45.083Z	┌─────────────────────────────┐
2026-09-12T20:45:45.083Z	│ OpenNext — Cloudflare build │
2026-09-12T20:45:45.083Z	└─────────────────────────────┘
2026-09-12T20:45:45.083Z	
2026-09-12T20:45:45.227Z	App directory: /opt/buildhome/repo
2026-09-12T20:45:45.227Z	Next.js version : 16.3.3
2026-09-12T20:45:45.229Z	@opennextjs/cloudflare version: 1.20.6
2026-09-12T20:45:45.230Z	@opennextjs/aws version: 4.1.4
2026-09-12T20:45:45.230Z	WARN workerd compatibility_date: 2025-08-15, consider updating your wrangler config to a more recent date to benefit from the latest features and fixes.
2026-09-12T20:45:45.234Z	
2026-09-12T20:45:45.234Z	┌─────────────────────────────────┐
2026-09-12T20:45:45.234Z	│ OpenNext — Building Next.js app │
2026-09-12T20:45:45.234Z	└─────────────────────────────────┘
2026-09-12T20:45:45.234Z	
2026-09-12T20:45:45.249Z	$ cross-env NODE_OPTIONS="--no-deprecation --max-old-space-size=8000" next build && opennextjs-cloudflare build
2026-09-12T20:45:45.766Z	▲ Next.js 16.3.3 (Turbopack)
2026-09-12T20:45:45.818Z	✓ Running next.config.ts took 52ms
2026-09-12T20:45:45.953Z	- Experiments (use with caution):
2026-09-12T20:45:45.953Z	  ⨯ turbopackServerFastRefresh
2026-09-12T20:45:45.953Z	
2026-09-12T20:45:45.994Z	  Creating an optimized production build ...
2026-09-12T20:45:48.336Z	✓ Compiled successfully in 1504ms
2026-09-12T20:45:48.340Z	  Running TypeScript ...
2026-09-12T20:45:52.519Z	  Finished TypeScript in 4.2s ...
2026-09-12T20:45:52.530Z	  Collecting page data using 3 workers ...
2026-09-12T20:45:54.715Z	⎔ Establishing remote connection...
2026-09-12T20:45:54.746Z	⎔ Establishing remote connection...
2026-09-12T20:45:56.441Z	  Generating static pages using 3 workers (0/2) ...
2026-09-12T20:45:56.648Z	✓ Generating static pages using 3 workers (2/2) in 207ms
2026-09-12T20:45:56.663Z	  Finalizing page optimization ...
2026-09-12T20:46:00.504Z	
2026-09-12T20:46:00.508Z	Route (app)
2026-09-12T20:46:00.508Z	┌ ○ /_not-found
2026-09-12T20:46:00.508Z	├ ƒ /admin/[[...segments]]
2026-09-12T20:46:00.508Z	└ ƒ /api/[...slug]
2026-09-12T20:46:00.508Z	
2026-09-12T20:46:00.508Z	
2026-09-12T20:46:00.508Z	○  (Static)   prerendered as static content
2026-09-12T20:46:00.508Z	ƒ  (Dynamic)  server-rendered on demand
2026-09-12T20:46:00.508Z	
2026-09-12T20:46:02.426Z	
2026-09-12T20:46:02.426Z	┌─────────────────────────────┐
2026-09-12T20:46:02.426Z	│ OpenNext — Cloudflare build │
2026-09-12T20:46:02.426Z	└─────────────────────────────┘
2026-09-12T20:46:02.426Z	
2026-09-12T20:46:02.588Z	App directory: /opt/buildhome/repo
2026-09-12T20:46:02.588Z	Next.js version : 16.3.3
2026-09-12T20:46:02.591Z	@opennextjs/cloudflare version: 1.20.6
2026-09-12T20:46:02.591Z	@opennextjs/aws version: 4.1.4
2026-09-12T20:46:02.592Z	WARN workerd compatibility_date: 2025-08-15, consider updating your wrangler config to a more recent date to benefit from the latest features and fixes.
2026-09-12T20:46:02.594Z	
2026-09-12T20:46:02.594Z	┌─────────────────────────────────┐
2026-09-12T20:46:02.595Z	│ OpenNext — Building Next.js app │
2026-09-12T20:46:02.595Z	└─────────────────────────────────┘
2026-09-12T20:46:02.595Z	
2026-09-12T20:46:02.615Z	$ cross-env NODE_OPTIONS="--no-deprecation --max-old-space-size=8000" next build && opennextjs-cloudflare build
2026-09-12T20:46:03.133Z	▲ Next.js 16.3.3 (Turbopack)
2026-09-12T20:46:03.178Z	✓ Running next.config.ts took 44ms
2026-09-12T20:46:03.305Z	- Experiments (use with caution):
2026-09-12T20:46:03.306Z	  ⨯ turbopackServerFastRefresh
2026-09-12T20:46:03.306Z	
2026-09-12T20:46:03.352Z	  Creating an optimized production build ...
2026-09-12T20:46:05.630Z	✓ Compiled successfully in 1384ms
2026-09-12T20:46:05.634Z	  Running TypeScript ...
2026-09-12T20:46:09.316Z	  Finished TypeScript in 3.7s ...
2026-09-12T20:46:09.327Z	  Collecting page data using 3 workers ...
2026-09-12T20:46:11.568Z	⎔ Establishing remote connection...
2026-09-12T20:46:11.609Z	⎔ Establishing remote connection...
2026-09-12T20:46:13.122Z	  Generating static pages using 3 workers (0/2) ...
2026-09-12T20:46:13.319Z	✓ Generating static pages using 3 workers (2/2) in 198ms
2026-09-12T20:46:13.328Z	  Finalizing page optimization ...
2026-09-12T20:46:16.649Z	
2026-09-12T20:46:16.652Z	Route (app)
2026-09-12T20:46:16.652Z	┌ ○ /_not-found
2026-09-12T20:46:16.652Z	├ ƒ /admin/[[...segments]]
2026-09-12T20:46:16.652Z	└ ƒ /api/[...slug]
2026-09-12T20:46:16.652Z	
2026-09-12T20:46:16.652Z	
2026-09-12T20:46:16.652Z	○  (Static)   prerendered as static content
2026-09-12T20:46:16.652Z	ƒ  (Dynamic)  server-rendered on demand
2026-09-12T20:46:16.652Z	
2026-09-12T20:46:18.653Z	
2026-09-12T20:46:18.654Z	┌─────────────────────────────┐
2026-09-12T20:46:18.654Z	│ OpenNext — Cloudflare build │
2026-09-12T20:46:18.654Z	└─────────────────────────────┘
2026-09-12T20:46:18.654Z	
2026-09-12T20:46:18.811Z	App directory: /opt/buildhome/repo
2026-09-12T20:46:18.811Z	Next.js version : 16.3.3
2026-09-12T20:46:18.814Z	@opennextjs/cloudflare version: 1.20.6
2026-09-12T20:46:18.814Z	@opennextjs/aws version: 4.1.4
2026-09-12T20:46:18.815Z	WARN workerd compatibility_date: 2025-08-15, consider updating your wrangler config to a more recent date to benefit from the latest features and fixes.
2026-09-12T20:46:18.817Z	
2026-09-12T20:46:18.817Z	┌─────────────────────────────────┐
2026-09-12T20:46:18.817Z	│ OpenNext — Building Next.js app │
2026-09-12T20:46:18.817Z	└─────────────────────────────────┘
2026-09-12T20:46:18.817Z	
2026-09-12T20:46:18.834Z	$ cross-env NODE_OPTIONS="--no-deprecation --max-old-space-size=8000" next build && opennextjs-cloudflare build
2026-09-12T20:46:19.400Z	▲ Next.js 16.3.3 (Turbopack)
2026-09-12T20:46:19.447Z	✓ Running next.config.ts took 47ms
2026-09-12T20:46:19.584Z	- Experiments (use with caution):
2026-09-12T20:46:19.584Z	  ⨯ turbopackServerFastRefresh
2026-09-12T20:46:19.584Z	
2026-09-12T20:46:19.629Z	  Creating an optimized production build ...
2026-09-12T20:46:21.752Z	✓ Compiled successfully in 1312ms
2026-09-12T20:46:21.756Z	  Running TypeScript ...
2026-09-12T20:46:25.675Z	  Finished TypeScript in 3.9s ...
2026-09-12T20:46:25.686Z	  Collecting page data using 3 workers ...
2026-09-12T20:46:27.811Z	⎔ Establishing remote connection...
2026-09-12T20:46:27.976Z	⎔ Establishing remote connection...
2026-09-12T20:46:29.731Z	  Generating static pages using 3 workers (0/2) ...
2026-09-12T20:46:29.936Z	✓ Generating static pages using 3 workers (2/2) in 205ms
2026-09-12T20:46:29.955Z	  Finalizing page optimization ...
2026-09-12T20:46:34.271Z	
2026-09-12T20:46:34.278Z	Route (app)
2026-09-12T20:46:34.278Z	┌ ○ /_not-found
2026-09-12T20:46:34.278Z	├ ƒ /admin/[[...segments]]
2026-09-12T20:46:34.278Z	└ ƒ /api/[...slug]
2026-09-12T20:46:34.278Z	
2026-09-12T20:46:34.278Z	
2026-09-12T20:46:34.279Z	○  (Static)   prerendered as static content
2026-09-12T20:46:34.279Z	ƒ  (Dynamic)  server-rendered on demand
2026-09-12T20:46:34.279Z	
2026-09-12T20:46:36.365Z	
2026-09-12T20:46:36.366Z	┌─────────────────────────────┐
2026-09-12T20:46:36.366Z	│ OpenNext — Cloudflare build │
2026-09-12T20:46:36.366Z	└─────────────────────────────┘
2026-09-12T20:46:36.367Z	
2026-09-12T20:46:36.533Z	App directory: /opt/buildhome/repo
2026-09-12T20:46:36.533Z	Next.js version : 16.3.3
2026-09-12T20:46:36.535Z	@opennextjs/cloudflare version: 1.20.6
2026-09-12T20:46:36.536Z	@opennextjs/aws version: 4.1.4
2026-09-12T20:46:36.536Z	WARN workerd compatibility_date: 2025-08-15, consider updating your wrangler config to a more recent date to benefit from the latest features and fixes.
2026-09-12T20:46:36.538Z	
2026-09-12T20:46:36.538Z	┌─────────────────────────────────┐
2026-09-12T20:46:36.538Z	│ OpenNext — Building Next.js app │
2026-09-12T20:46:36.538Z	└─────────────────────────────────┘
2026-09-12T20:46:36.538Z	
2026-09-12T20:46:36.556Z	$ cross-env NODE_OPTIONS="--no-deprecation --max-old-space-size=8000" next build && opennextjs-cloudflare build
2026-09-12T20:46:37.089Z	▲ Next.js 16.3.3 (Turbopack)
2026-09-12T20:46:37.155Z	✓ Running next.config.ts took 70ms
2026-09-12T20:46:37.306Z	- Experiments (use with caution):
2026-09-12T20:46:37.307Z	  ⨯ turbopackServerFastRefresh
2026-09-12T20:46:37.307Z	
2026-09-12T20:46:37.368Z	  Creating an optimized production build ...
2026-09-12T20:46:40.150Z	✓ Compiled successfully in 1898ms
2026-09-12T20:46:40.155Z	  Running TypeScript ...
2026-09-12T20:46:44.577Z	  Finished TypeScript in 4.4s ...
2026-09-12T20:46:44.588Z	  Collecting page data using 3 workers ...
2026-09-12T20:46:46.823Z	⎔ Establishing remote connection...
2026-09-12T20:46:47.114Z	⎔ Establishing remote connection...
2026-09-12T20:46:48.789Z	  Generating static pages using 3 workers (0/2) ...
2026-09-12T20:46:49.053Z	✓ Generating static pages using 3 workers (2/2) in 264ms
2026-09-12T20:46:49.063Z	  Finalizing page optimization ...
2026-09-12T20:46:52.515Z	
2026-09-12T20:46:52.521Z	Route (app)
2026-09-12T20:46:52.521Z	┌ ○ /_not-found
2026-09-12T20:46:52.521Z	├ ƒ /admin/[[...segments]]
2026-09-12T20:46:52.521Z	└ ƒ /api/[...slug]
2026-09-12T20:46:52.521Z	
2026-09-12T20:46:52.521Z	
2026-09-12T20:46:52.522Z	○  (Static)   prerendered as static content
2026-09-12T20:46:52.522Z	ƒ  (Dynamic)  server-rendered on demand
2026-09-12T20:46:52.522Z	
2026-09-12T20:46:54.560Z	
2026-09-12T20:46:54.561Z	┌─────────────────────────────┐
2026-09-12T20:46:54.561Z	│ OpenNext — Cloudflare build │
2026-09-12T20:46:54.561Z	└─────────────────────────────┘
2026-09-12T20:46:54.561Z	
2026-09-12T20:46:54.683Z	App directory: /opt/buildhome/repo
2026-09-12T20:46:54.683Z	Next.js version : 16.3.3
2026-09-12T20:46:54.685Z	@opennextjs/cloudflare version: 1.20.6
2026-09-12T20:46:54.685Z	@opennextjs/aws version: 4.1.4
2026-09-12T20:46:54.685Z	WARN workerd compatibility_date: 2025-08-15, consider updating your wrangler config to a more recent date to benefit from the latest features and fixes.
2026-09-12T20:46:54.688Z	
2026-09-12T20:46:54.688Z	┌─────────────────────────────────┐
2026-09-12T20:46:54.688Z	│ OpenNext — Building Next.js app │
2026-09-12T20:46:54.688Z	└─────────────────────────────────┘
2026-09-12T20:46:54.688Z	
2026-09-12T20:46:54.703Z	$ cross-env NODE_OPTIONS="--no-deprecation --max-old-space-size=8000" next build && opennextjs-cloudflare build
2026-09-12T20:46:55.289Z	▲ Next.js 16.3.3 (Turbopack)
2026-09-12T20:46:55.337Z	✓ Running next.config.ts took 47ms
2026-09-12T20:46:55.453Z	- Experiments (use with caution):
2026-09-12T20:46:55.454Z	  ⨯ turbopackServerFastRefresh
2026-09-12T20:46:55.455Z	
2026-09-12T20:46:55.494Z	  Creating an optimized production build ...
2026-09-12T20:46:57.654Z	✓ Compiled successfully in 1328ms
2026-09-12T20:46:57.658Z	  Running TypeScript ...
2026-09-12T20:47:01.515Z	  Finished TypeScript in 3.9s ...
2026-09-12T20:47:01.526Z	  Collecting page data using 3 workers ...
2026-09-12T20:47:03.624Z	⎔ Establishing remote connection...
2026-09-12T20:47:03.705Z	⎔ Establishing remote connection...
2026-09-12T20:47:05.526Z	  Generating static pages using 3 workers (0/2) ...
2026-09-12T20:47:05.878Z	✓ Generating static pages using 3 workers (2/2) in 353ms
2026-09-12T20:47:05.906Z	  Finalizing page optimization ...
2026-09-12T20:47:09.821Z	
2026-09-12T20:47:09.824Z	Route (app)
2026-09-12T20:47:09.825Z	┌ ○ /_not-found
2026-09-12T20:47:09.825Z	├ ƒ /admin/[[...segments]]
2026-09-12T20:47:09.825Z	└ ƒ /api/[...slug]
2026-09-12T20:47:09.825Z	
2026-09-12T20:47:09.825Z	
2026-09-12T20:47:09.826Z	○  (Static)   prerendered as static content
2026-09-12T20:47:09.826Z	ƒ  (Dynamic)  server-rendered on demand
2026-09-12T20:47:09.826Z	
2026-09-12T20:47:11.874Z	
2026-09-12T20:47:11.875Z	┌─────────────────────────────┐
2026-09-12T20:47:11.875Z	│ OpenNext — Cloudflare build │
2026-09-12T20:47:11.875Z	└─────────────────────────────┘
2026-09-12T20:47:11.875Z	
2026-09-12T20:47:12.000Z	App directory: /opt/buildhome/repo
2026-09-12T20:47:12.000Z	Next.js version : 16.3.3
2026-09-12T20:47:12.002Z	@opennextjs/cloudflare version: 1.20.6
2026-09-12T20:47:12.002Z	@opennextjs/aws version: 4.1.4
2026-09-12T20:47:12.002Z	WARN workerd compatibility_date: 2025-08-15, consider updating your wrangler config to a more recent date to benefit from the latest features and fixes.
2026-09-12T20:47:12.004Z	
2026-09-12T20:47:12.004Z	┌─────────────────────────────────┐
2026-09-12T20:47:12.004Z	│ OpenNext — Building Next.js app │
2026-09-12T20:47:12.004Z	└─────────────────────────────────┘
2026-09-12T20:47:12.004Z	
2026-09-12T20:47:12.021Z	$ cross-env NODE_OPTIONS="--no-deprecation --max-old-space-size=8000" next build && opennextjs-cloudflare build
2026-09-12T20:47:12.460Z	▲ Next.js 16.3.3 (Turbopack)
2026-09-12T20:47:12.502Z	✓ Running next.config.ts took 41ms
2026-09-12T20:47:12.611Z	- Experiments (use with caution):
2026-09-12T20:47:12.612Z	  ⨯ turbopackServerFastRefresh
2026-09-12T20:47:12.612Z	
2026-09-12T20:47:12.655Z	  Creating an optimized production build ...
2026-09-12T20:47:14.117Z	✓ Compiled successfully in 644ms
2026-09-12T20:47:14.121Z	  Running TypeScript ...
2026-09-12T20:47:18.103Z	  Finished TypeScript in 4.0s ...
2026-09-12T20:47:18.113Z	  Collecting page data using 3 workers ...
2026-09-12T20:47:20.253Z	⎔ Establishing remote connection...
2026-09-12T20:47:20.406Z	⎔ Establishing remote connection...
2026-09-12T20:47:21.989Z	  Generating static pages using 3 workers (0/2) ...
2026-09-12T20:47:22.287Z	✓ Generating static pages using 3 workers (2/2) in 298ms
2026-09-12T20:47:22.307Z	  Finalizing page optimization ...
2026-09-12T20:47:26.036Z	
2026-09-12T20:47:26.040Z	Route (app)
2026-09-12T20:47:26.041Z	┌ ○ /_not-found
2026-09-12T20:47:26.041Z	├ ƒ /admin/[[...segments]]
2026-09-12T20:47:26.041Z	└ ƒ /api/[...slug]
2026-09-12T20:47:26.041Z	
2026-09-12T20:47:26.041Z	
2026-09-12T20:47:26.041Z	○  (Static)   prerendered as static content
2026-09-12T20:47:26.041Z	ƒ  (Dynamic)  server-rendered on demand
2026-09-12T20:47:26.041Z	
2026-09-12T20:47:28.144Z	
2026-09-12T20:47:28.144Z	┌─────────────────────────────┐
2026-09-12T20:47:28.144Z	│ OpenNext — Cloudflare build │
2026-09-12T20:47:28.145Z	└─────────────────────────────┘
2026-09-12T20:47:28.145Z	
2026-09-12T20:47:28.312Z	App directory: /opt/buildhome/repo
2026-09-12T20:47:28.312Z	Next.js version : 16.3.3
2026-09-12T20:47:28.315Z	@opennextjs/cloudflare version: 1.20.6
2026-09-12T20:47:28.315Z	@opennextjs/aws version: 4.1.4
2026-09-12T20:47:28.315Z	WARN workerd compatibility_date: 2025-08-15, consider updating your wrangler config to a more recent date to benefit from the latest features and fixes.
2026-09-12T20:47:28.317Z	
2026-09-12T20:47:28.317Z	┌─────────────────────────────────┐
2026-09-12T20:47:28.318Z	│ OpenNext — Building Next.js app │
2026-09-12T20:47:28.318Z	└─────────────────────────────────┘
2026-09-12T20:47:28.318Z	
2026-09-12T20:47:28.341Z	$ cross-env NODE_OPTIONS="--no-deprecation --max-old-space-size=8000" next build && opennextjs-cloudflare build
2026-09-12T20:47:28.870Z	▲ Next.js 16.3.3 (Turbopack)
2026-09-12T20:47:28.921Z	✓ Running next.config.ts took 50ms
2026-09-12T20:47:29.049Z	- Experiments (use with caution):
2026-09-12T20:47:29.049Z	  ⨯ turbopackServerFastRefresh
2026-09-12T20:47:29.049Z	
2026-09-12T20:47:29.090Z	  Creating an optimized production build ...
2026-09-12T20:47:31.201Z	✓ Compiled successfully in 1263ms
2026-09-12T20:47:31.205Z	  Running TypeScript ...
2026-09-12T20:47:34.531Z	  Finished TypeScript in 3.3s ...
2026-09-12T20:47:34.540Z	  Collecting page data using 3 workers ...
2026-09-12T20:47:36.512Z	⎔ Establishing remote connection...
2026-09-12T20:47:36.526Z	⎔ Establishing remote connection...
2026-09-12T20:47:38.420Z	  Generating static pages using 3 workers (0/2) ...
2026-09-12T20:47:38.710Z	✓ Generating static pages using 3 workers (2/2) in 291ms
2026-09-12T20:47:38.734Z	  Finalizing page optimization ...
2026-09-12T20:47:42.530Z	
2026-09-12T20:47:42.533Z	Route (app)
2026-09-12T20:47:42.534Z	┌ ○ /_not-found
2026-09-12T20:47:42.534Z	├ ƒ /admin/[[...segments]]
2026-09-12T20:47:42.534Z	└ ƒ /api/[...slug]
2026-09-12T20:47:42.534Z	
2026-09-12T20:47:42.534Z	
2026-09-12T20:47:42.534Z	○  (Static)   prerendered as static content
2026-09-12T20:47:42.534Z	ƒ  (Dynamic)  server-rendered on demand
2026-09-12T20:47:42.534Z	
2026-09-12T20:47:44.437Z	
2026-09-12T20:47:44.437Z	┌─────────────────────────────┐
2026-09-12T20:47:44.438Z	│ OpenNext — Cloudflare build │
2026-09-12T20:47:44.438Z	└─────────────────────────────┘
2026-09-12T20:47:44.438Z	
2026-09-12T20:47:44.603Z	App directory: /opt/buildhome/repo
2026-09-12T20:47:44.604Z	Next.js version : 16.3.3
2026-09-12T20:47:44.605Z	@opennextjs/cloudflare version: 1.20.6
2026-09-12T20:47:44.606Z	@opennextjs/aws version: 4.1.4
2026-09-12T20:47:44.606Z	WARN workerd compatibility_date: 2025-08-15, consider updating your wrangler config to a more recent date to benefit from the latest features and fixes.
2026-09-12T20:47:44.607Z	
2026-09-12T20:47:44.607Z	┌─────────────────────────────────┐
2026-09-12T20:47:44.608Z	│ OpenNext — Building Next.js app │
2026-09-12T20:47:44.608Z	└─────────────────────────────────┘
2026-09-12T20:47:44.608Z	
2026-09-12T20:47:44.630Z	$ cross-env NODE_OPTIONS="--no-deprecation --max-old-space-size=8000" next build && opennextjs-cloudflare build
2026-09-12T20:47:45.082Z	▲ Next.js 16.3.3 (Turbopack)
2026-09-12T20:47:45.121Z	✓ Running next.config.ts took 41ms
2026-09-12T20:47:45.234Z	- Experiments (use with caution):
2026-09-12T20:47:45.237Z	  ⨯ turbopackServerFastRefresh
2026-09-12T20:47:45.237Z	
2026-09-12T20:47:45.274Z	  Creating an optimized production build ...
2026-09-12T20:47:47.352Z	✓ Compiled successfully in 1260ms
2026-09-12T20:47:47.359Z	  Running TypeScript ...
2026-09-12T20:47:51.717Z	  Finished TypeScript in 4.4s ...
2026-09-12T20:47:51.725Z	  Collecting page data using 3 workers ...
2026-09-12T20:47:53.925Z	⎔ Establishing remote connection...
2026-09-12T20:47:53.980Z	⎔ Establishing remote connection...
2026-09-12T20:47:55.676Z	  Generating static pages using 3 workers (0/2) ...
2026-09-12T20:47:55.905Z	✓ Generating static pages using 3 workers (2/2) in 227ms
2026-09-12T20:47:55.923Z	  Finalizing page optimization ...
2026-09-12T20:47:59.485Z	
2026-09-12T20:47:59.489Z	Route (app)
2026-09-12T20:47:59.490Z	┌ ○ /_not-found
2026-09-12T20:47:59.490Z	├ ƒ /admin/[[...segments]]
2026-09-12T20:47:59.490Z	└ ƒ /api/[...slug]
2026-09-12T20:47:59.490Z	
2026-09-12T20:47:59.490Z	
2026-09-12T20:47:59.490Z	○  (Static)   prerendered as static content
2026-09-12T20:47:59.490Z	ƒ  (Dynamic)  server-rendered on demand
2026-09-12T20:47:59.490Z	
2026-09-12T20:48:01.331Z	
2026-09-12T20:48:01.332Z	┌─────────────────────────────┐
2026-09-12T20:48:01.332Z	│ OpenNext — Cloudflare build │
2026-09-12T20:48:01.332Z	└─────────────────────────────┘
2026-09-12T20:48:01.332Z	
2026-09-12T20:48:01.492Z	App directory: /opt/buildhome/repo
2026-09-12T20:48:01.493Z	Next.js version : 16.3.3
2026-09-12T20:48:01.495Z	@opennextjs/cloudflare version: 1.20.6
2026-09-12T20:48:01.495Z	@opennextjs/aws version: 4.1.4
2026-09-12T20:48:01.495Z	WARN workerd compatibility_date: 2025-08-15, consider updating your wrangler config to a more recent date to benefit from the latest features and fixes.
2026-09-12T20:48:01.497Z	
2026-09-12T20:48:01.497Z	┌─────────────────────────────────┐
2026-09-12T20:48:01.497Z	│ OpenNext — Building Next.js app │
2026-09-12T20:48:01.497Z	└─────────────────────────────────┘
2026-09-12T20:48:01.497Z	
2026-09-12T20:48:01.520Z	$ cross-env NODE_OPTIONS="--no-deprecation --max-old-space-size=8000" next build && opennextjs-cloudflare build
2026-09-12T20:48:02.060Z	▲ Next.js 16.3.3 (Turbopack)
2026-09-12T20:48:02.102Z	✓ Running next.config.ts took 41ms
2026-09-12T20:48:02.253Z	- Experiments (use with caution):
2026-09-12T20:48:02.254Z	  ⨯ turbopackServerFastRefresh
2026-09-12T20:48:02.254Z	
2026-09-12T20:48:02.300Z	  Creating an optimized production build ...
2026-09-12T20:48:04.557Z	✓ Compiled successfully in 1440ms
2026-09-12T20:48:04.567Z	  Running TypeScript ...
2026-09-12T20:48:09.200Z	  Finished TypeScript in 4.6s ...
2026-09-12T20:48:09.212Z	  Collecting page data using 3 workers ...
2026-09-12T20:48:11.238Z	⎔ Establishing remote connection...
2026-09-12T20:48:11.586Z	⎔ Establishing remote connection...
2026-09-12T20:48:13.275Z	  Generating static pages using 3 workers (0/2) ...
2026-09-12T20:48:13.574Z	✓ Generating static pages using 3 workers (2/2) in 298ms
2026-09-12T20:48:13.597Z	  Finalizing page optimization ...
2026-09-12T20:48:17.505Z	
2026-09-12T20:48:17.510Z	Route (app)
2026-09-12T20:48:17.510Z	┌ ○ /_not-found
2026-09-12T20:48:17.511Z	├ ƒ /admin/[[...segments]]
2026-09-12T20:48:17.511Z	└ ƒ /api/[...slug]
2026-09-12T20:48:17.511Z	
2026-09-12T20:48:17.511Z	
2026-09-12T20:48:17.511Z	○  (Static)   prerendered as static content
2026-09-12T20:48:17.511Z	ƒ  (Dynamic)  server-rendered on demand
2026-09-12T20:48:17.511Z	
2026-09-12T20:48:19.378Z	
2026-09-12T20:48:19.378Z	┌─────────────────────────────┐
2026-09-12T20:48:19.378Z	│ OpenNext — Cloudflare build │
2026-09-12T20:48:19.378Z	└─────────────────────────────┘
2026-09-12T20:48:19.378Z	
2026-09-12T20:48:19.528Z	App directory: /opt/buildhome/repo
2026-09-12T20:48:19.528Z	Next.js version : 16.3.3
2026-09-12T20:48:19.531Z	@opennextjs/cloudflare version: 1.20.6
2026-09-12T20:48:19.531Z	@opennextjs/aws version: 4.1.4
2026-09-12T20:48:19.532Z	WARN workerd compatibility_date: 2025-08-15, consider updating your wrangler config to a more recent date to benefit from the latest features and fixes.
2026-09-12T20:48:19.534Z	
2026-09-12T20:48:19.534Z	┌─────────────────────────────────┐
2026-09-12T20:48:19.535Z	│ OpenNext — Building Next.js app │
2026-09-12T20:48:19.535Z	└─────────────────────────────────┘
2026-09-12T20:48:19.535Z	
2026-09-12T20:48:19.556Z	$ cross-env NODE_OPTIONS="--no-deprecation --max-old-space-size=8000" next build && opennextjs-cloudflare build
2026-09-12T20:48:20.201Z	▲ Next.js 16.3.3 (Turbopack)
2026-09-12T20:48:20.269Z	✓ Running next.config.ts took 78ms
2026-09-12T20:48:20.414Z	- Experiments (use with caution):
2026-09-12T20:48:20.414Z	  ⨯ turbopackServerFastRefresh
2026-09-12T20:48:20.414Z	
2026-09-12T20:48:20.469Z	  Creating an optimized production build ...
2026-09-12T20:48:22.260Z	✓ Compiled successfully in 884ms
2026-09-12T20:48:22.266Z	  Running TypeScript ...
2026-09-12T20:48:26.043Z	  Finished TypeScript in 3.8s ...
2026-09-12T20:48:26.053Z	  Collecting page data using 3 workers ...
2026-09-12T20:48:28.171Z	⎔ Establishing remote connection...
2026-09-12T20:48:28.267Z	⎔ Establishing remote connection...
2026-09-12T20:48:29.930Z	  Generating static pages using 3 workers (0/2) ...
2026-09-12T20:48:30.150Z	✓ Generating static pages using 3 workers (2/2) in 217ms
2026-09-12T20:48:30.172Z	  Finalizing page optimization ...
2026-09-12T20:48:34.005Z	
2026-09-12T20:48:34.007Z	Route (app)
2026-09-12T20:48:34.007Z	┌ ○ /_not-found
2026-09-12T20:48:34.008Z	├ ƒ /admin/[[...segments]]
2026-09-12T20:48:34.008Z	└ ƒ /api/[...slug]
2026-09-12T20:48:34.008Z	
2026-09-12T20:48:34.008Z	
2026-09-12T20:48:34.008Z	○  (Static)   prerendered as static content
2026-09-12T20:48:34.008Z	ƒ  (Dynamic)  server-rendered on demand
2026-09-12T20:48:34.008Z	
2026-09-12T20:48:36.032Z	
2026-09-12T20:48:36.032Z	┌─────────────────────────────┐
2026-09-12T20:48:36.033Z	│ OpenNext — Cloudflare build │
2026-09-12T20:48:36.033Z	└─────────────────────────────┘
2026-09-12T20:48:36.033Z	
2026-09-12T20:48:36.198Z	App directory: /opt/buildhome/repo
2026-09-12T20:48:36.199Z	Next.js version : 16.3.3
2026-09-12T20:48:36.204Z	@opennextjs/cloudflare version: 1.20.6
2026-09-12T20:48:36.205Z	@opennextjs/aws version: 4.1.4
2026-09-12T20:48:36.205Z	WARN workerd compatibility_date: 2025-08-15, consider updating your wrangler config to a more recent date to benefit from the latest features and fixes.
2026-09-12T20:48:36.208Z	
2026-09-12T20:48:36.209Z	┌─────────────────────────────────┐
2026-09-12T20:48:36.209Z	│ OpenNext — Building Next.js app │
2026-09-12T20:48:36.209Z	└─────────────────────────────────┘
2026-09-12T20:48:36.209Z	
2026-09-12T20:48:36.232Z	$ cross-env NODE_OPTIONS="--no-deprecation --max-old-space-size=8000" next build && opennextjs-cloudflare build
2026-09-12T20:48:36.794Z	▲ Next.js 16.3.3 (Turbopack)
2026-09-12T20:48:36.846Z	✓ Running next.config.ts took 51ms
2026-09-12T20:48:36.951Z	- Experiments (use with caution):
2026-09-12T20:48:36.952Z	  ⨯ turbopackServerFastRefresh
2026-09-12T20:48:36.952Z	
2026-09-12T20:48:36.985Z	  Creating an optimized production build ...
2026-09-12T20:48:39.156Z	✓ Compiled successfully in 1362ms
2026-09-12T20:48:39.161Z	  Running TypeScript ...
2026-09-12T20:48:43.105Z	  Finished TypeScript in 3.9s ...
2026-09-12T20:48:43.119Z	  Collecting page data using 3 workers ...
2026-09-12T20:48:45.117Z	⎔ Establishing remote connection...
2026-09-12T20:48:45.189Z	⎔ Establishing remote connection...
2026-09-12T20:48:46.804Z	  Generating static pages using 3 workers (0/2) ...
2026-09-12T20:48:47.024Z	✓ Generating static pages using 3 workers (2/2) in 220ms
2026-09-12T20:48:47.046Z	  Finalizing page optimization ...
2026-09-12T20:48:50.166Z	
2026-09-12T20:48:50.170Z	Route (app)
2026-09-12T20:48:50.171Z	┌ ○ /_not-found
2026-09-12T20:48:50.171Z	├ ƒ /admin/[[...segments]]
2026-09-12T20:48:50.171Z	└ ƒ /api/[...slug]
2026-09-12T20:48:50.171Z	
2026-09-12T20:48:50.171Z	
2026-09-12T20:48:50.171Z	○  (Static)   prerendered as static content
2026-09-12T20:48:50.171Z	ƒ  (Dynamic)  server-rendered on demand
2026-09-12T20:48:50.171Z	
2026-09-12T20:48:51.991Z	
2026-09-12T20:48:51.991Z	┌─────────────────────────────┐
2026-09-12T20:48:51.991Z	│ OpenNext — Cloudflare build │
2026-09-12T20:48:51.991Z	└─────────────────────────────┘
2026-09-12T20:48:51.991Z	
2026-09-12T20:48:52.116Z	App directory: /opt/buildhome/repo
2026-09-12T20:48:52.116Z	Next.js version : 16.3.3
2026-09-12T20:48:52.118Z	@opennextjs/cloudflare version: 1.20.6
2026-09-12T20:48:52.118Z	@opennextjs/aws version: 4.1.4
2026-09-12T20:48:52.118Z	WARN workerd compatibility_date: 2025-08-15, consider updating your wrangler config to a more recent date to benefit from the latest features and fixes.
2026-09-12T20:48:52.119Z	
2026-09-12T20:48:52.119Z	┌─────────────────────────────────┐
2026-09-12T20:48:52.119Z	│ OpenNext — Building Next.js app │
2026-09-12T20:48:52.119Z	└─────────────────────────────────┘
2026-09-12T20:48:52.119Z	
2026-09-12T20:48:52.134Z	$ cross-env NODE_OPTIONS="--no-deprecation --max-old-space-size=8000" next build && opennextjs-cloudflare build
2026-09-12T20:48:52.605Z	▲ Next.js 16.3.3 (Turbopack)
2026-09-12T20:48:52.648Z	✓ Running next.config.ts took 42ms
2026-09-12T20:48:52.765Z	- Experiments (use with caution):
2026-09-12T20:48:52.765Z	  ⨯ turbopackServerFastRefresh
2026-09-12T20:48:52.765Z	
2026-09-12T20:48:52.811Z	  Creating an optimized production build ...
2026-09-12T20:48:55.012Z	✓ Compiled successfully in 1359ms
2026-09-12T20:48:55.017Z	  Running TypeScript ...
2026-09-12T20:48:59.054Z	  Finished TypeScript in 4.0s ...
2026-09-12T20:48:59.068Z	  Collecting page data using 3 workers ...
2026-09-12T20:49:01.328Z	⎔ Establishing remote connection...
2026-09-12T20:49:01.403Z	⎔ Establishing remote connection...
2026-09-12T20:49:03.208Z	  Generating static pages using 3 workers (0/2) ...
2026-09-12T20:49:03.501Z	✓ Generating static pages using 3 workers (2/2) in 293ms
2026-09-12T20:49:03.524Z	  Finalizing page optimization ...
2026-09-12T20:49:07.444Z	
2026-09-12T20:49:07.448Z	Route (app)
2026-09-12T20:49:07.448Z	┌ ○ /_not-found
2026-09-12T20:49:07.448Z	├ ƒ /admin/[[...segments]]
2026-09-12T20:49:07.448Z	└ ƒ /api/[...slug]
2026-09-12T20:49:07.448Z	
2026-09-12T20:49:07.448Z	
2026-09-12T20:49:07.449Z	○  (Static)   prerendered as static content
2026-09-12T20:49:07.449Z	ƒ  (Dynamic)  server-rendered on demand
2026-09-12T20:49:07.449Z	
2026-09-12T20:49:09.239Z	
2026-09-12T20:49:09.240Z	┌─────────────────────────────┐
2026-09-12T20:49:09.240Z	│ OpenNext — Cloudflare build │
2026-09-12T20:49:09.240Z	└─────────────────────────────┘
2026-09-12T20:49:09.240Z	
2026-09-12T20:49:09.434Z	App directory: /opt/buildhome/repo
2026-09-12T20:49:09.435Z	Next.js version : 16.3.3
2026-09-12T20:49:09.436Z	@opennextjs/cloudflare version: 1.20.6
2026-09-12T20:49:09.436Z	@opennextjs/aws version: 4.1.4
2026-09-12T20:49:09.437Z	WARN workerd compatibility_date: 2025-08-15, consider updating your wrangler config to a more recent date to benefit from the latest features and fixes.
2026-09-12T20:49:09.438Z	
2026-09-12T20:49:09.438Z	┌─────────────────────────────────┐
2026-09-12T20:49:09.438Z	│ OpenNext — Building Next.js app │
2026-09-12T20:49:09.439Z	└─────────────────────────────────┘
2026-09-12T20:49:09.439Z	
2026-09-12T20:49:09.458Z	$ cross-env NODE_OPTIONS="--no-deprecation --max-old-space-size=8000" next build && opennextjs-cloudflare build
2026-09-12T20:49:10.017Z	▲ Next.js 16.3.3 (Turbopack)
2026-09-12T20:49:10.066Z	✓ Running next.config.ts took 53ms
2026-09-12T20:49:10.204Z	- Experiments (use with caution):
2026-09-12T20:49:10.205Z	  ⨯ turbopackServerFastRefresh
2026-09-12T20:49:10.205Z	
2026-09-12T20:49:10.256Z	  Creating an optimized production build ...
2026-09-12T20:49:12.620Z	✓ Compiled successfully in 1533ms
2026-09-12T20:49:12.628Z	  Running TypeScript ...
2026-09-12T20:49:16.857Z	  Finished TypeScript in 4.2s ...
2026-09-12T20:49:16.869Z	  Collecting page data using 3 workers ...
2026-09-12T20:49:18.991Z	⎔ Establishing remote connection...
2026-09-12T20:49:19.058Z	⎔ Establishing remote connection...
2026-09-12T20:49:20.763Z	  Generating static pages using 3 workers (0/2) ...
2026-09-12T20:49:20.955Z	✓ Generating static pages using 3 workers (2/2) in 192ms
2026-09-12T20:49:20.966Z	  Finalizing page optimization ...
2026-09-12T20:49:24.325Z	
2026-09-12T20:49:24.328Z	Route (app)
2026-09-12T20:49:24.328Z	┌ ○ /_not-found
2026-09-12T20:49:24.328Z	├ ƒ /admin/[[...segments]]
2026-09-12T20:49:24.328Z	└ ƒ /api/[...slug]
2026-09-12T20:49:24.328Z	
2026-09-12T20:49:24.328Z	
2026-09-12T20:49:24.328Z	○  (Static)   prerendered as static content
2026-09-12T20:49:24.328Z	ƒ  (Dynamic)  server-rendered on demand
2026-09-12T20:49:24.328Z	
2026-09-12T20:49:26.360Z	
2026-09-12T20:49:26.367Z	┌─────────────────────────────┐
2026-09-12T20:49:26.367Z	│ OpenNext — Cloudflare build │
2026-09-12T20:49:26.368Z	└─────────────────────────────┘
2026-09-12T20:49:26.368Z	
2026-09-12T20:49:26.530Z	App directory: /opt/buildhome/repo
2026-09-12T20:49:26.531Z	Next.js version : 16.3.3
2026-09-12T20:49:26.533Z	@opennextjs/cloudflare version: 1.20.6
2026-09-12T20:49:26.533Z	@opennextjs/aws version: 4.1.4
2026-09-12T20:49:26.533Z	WARN workerd compatibility_date: 2025-08-15, consider updating your wrangler config to a more recent date to benefit from the latest features and fixes.
2026-09-12T20:49:26.536Z	
2026-09-12T20:49:26.536Z	┌─────────────────────────────────┐
2026-09-12T20:49:26.536Z	│ OpenNext — Building Next.js app │
2026-09-12T20:49:26.536Z	└─────────────────────────────────┘
2026-09-12T20:49:26.536Z	
2026-09-12T20:49:26.561Z	$ cross-env NODE_OPTIONS="--no-deprecation --max-old-space-size=8000" next build && opennextjs-cloudflare build
2026-09-12T20:49:27.150Z	▲ Next.js 16.3.3 (Turbopack)
2026-09-12T20:49:27.204Z	✓ Running next.config.ts took 52ms
2026-09-12T20:49:27.333Z	- Experiments (use with caution):
2026-09-12T20:49:27.333Z	  ⨯ turbopackServerFastRefresh
2026-09-12T20:49:27.333Z	
2026-09-12T20:49:27.385Z	  Creating an optimized production build ...
2026-09-12T20:49:29.728Z	✓ Compiled successfully in 1483ms
2026-09-12T20:49:29.733Z	  Running TypeScript ...
2026-09-12T20:49:33.979Z	  Finished TypeScript in 4.2s ...
2026-09-12T20:49:33.993Z	  Collecting page data using 3 workers ...
2026-09-12T20:49:36.357Z	⎔ Establishing remote connection...
2026-09-12T20:49:36.403Z	⎔ Establishing remote connection...
2026-09-12T20:49:38.259Z	  Generating static pages using 3 workers (0/2) ...
2026-09-12T20:49:38.490Z	✓ Generating static pages using 3 workers (2/2) in 231ms
2026-09-12T20:49:38.512Z	  Finalizing page optimization ...
2026-09-12T20:49:42.424Z	
2026-09-12T20:49:42.427Z	Route (app)
2026-09-12T20:49:42.427Z	┌ ○ /_not-found
2026-09-12T20:49:42.427Z	├ ƒ /admin/[[...segments]]
2026-09-12T20:49:42.427Z	└ ƒ /api/[...slug]
2026-09-12T20:49:42.427Z	
2026-09-12T20:49:42.427Z	
2026-09-12T20:49:42.427Z	○  (Static)   prerendered as static content
2026-09-12T20:49:42.427Z	ƒ  (Dynamic)  server-rendered on demand
2026-09-12T20:49:42.427Z	
2026-09-12T20:49:44.738Z	
2026-09-12T20:49:44.738Z	┌─────────────────────────────┐
2026-09-12T20:49:44.738Z	│ OpenNext — Cloudflare build │
2026-09-12T20:49:44.738Z	└─────────────────────────────┘
2026-09-12T20:49:44.738Z	
2026-09-12T20:49:44.892Z	App directory: /opt/buildhome/repo
2026-09-12T20:49:44.892Z	Next.js version : 16.3.3
2026-09-12T20:49:44.895Z	@opennextjs/cloudflare version: 1.20.6
2026-09-12T20:49:44.895Z	@opennextjs/aws version: 4.1.4
2026-09-12T20:49:44.896Z	WARN workerd compatibility_date: 2025-08-15, consider updating your wrangler config to a more recent date to benefit from the latest features and fixes.
2026-09-12T20:49:44.898Z	
2026-09-12T20:49:44.899Z	┌─────────────────────────────────┐
2026-09-12T20:49:44.899Z	│ OpenNext — Building Next.js app │
2026-09-12T20:49:44.899Z	└─────────────────────────────────┘
2026-09-12T20:49:44.899Z	
2026-09-12T20:49:44.918Z	$ cross-env NODE_OPTIONS="--no-deprecation --max-old-space-size=8000" next build && opennextjs-cloudflare build
2026-09-12T20:49:45.426Z	▲ Next.js 16.3.3 (Turbopack)
2026-09-12T20:49:45.477Z	✓ Running next.config.ts took 50ms
2026-09-12T20:49:45.619Z	- Experiments (use with caution):
2026-09-12T20:49:45.620Z	  ⨯ turbopackServerFastRefresh
2026-09-12T20:49:45.620Z	
2026-09-12T20:49:45.684Z	  Creating an optimized production build ...
2026-09-12T20:49:47.883Z	✓ Compiled successfully in 1350ms
2026-09-12T20:49:47.888Z	  Running TypeScript ...
2026-09-12T20:49:52.097Z	  Finished TypeScript in 4.2s ...
2026-09-12T20:49:52.102Z	  Collecting page data using 3 workers ...
2026-09-12T20:49:54.186Z	⎔ Establishing remote connection...
2026-09-12T20:49:54.505Z	⎔ Establishing remote connection...
2026-09-12T20:49:56.288Z	  Generating static pages using 3 workers (0/2) ...
2026-09-12T20:49:56.596Z	✓ Generating static pages using 3 workers (2/2) in 303ms
2026-09-12T20:49:56.611Z	  Finalizing page optimization ...
2026-09-12T20:50:00.052Z	
2026-09-12T20:50:00.056Z	Route (app)
2026-09-12T20:50:00.056Z	┌ ○ /_not-found
2026-09-12T20:50:00.056Z	├ ƒ /admin/[[...segments]]
2026-09-12T20:50:00.056Z	└ ƒ /api/[...slug]
2026-09-12T20:50:00.056Z	
2026-09-12T20:50:00.056Z	
2026-09-12T20:50:00.056Z	○  (Static)   prerendered as static content
2026-09-12T20:50:00.056Z	ƒ  (Dynamic)  server-rendered on demand
2026-09-12T20:50:00.056Z	
2026-09-12T20:50:01.922Z	
2026-09-12T20:50:01.923Z	┌─────────────────────────────┐
2026-09-12T20:50:01.923Z	│ OpenNext — Cloudflare build │
2026-09-12T20:50:01.923Z	└─────────────────────────────┘
2026-09-12T20:50:01.923Z	
2026-09-12T20:50:02.100Z	App directory: /opt/buildhome/repo
2026-09-12T20:50:02.100Z	Next.js version : 16.3.3
2026-09-12T20:50:02.103Z	@opennextjs/cloudflare version: 1.20.6
2026-09-12T20:50:02.104Z	@opennextjs/aws version: 4.1.4
2026-09-12T20:50:02.104Z	WARN workerd compatibility_date: 2025-08-15, consider updating your wrangler config to a more recent date to benefit from the latest features and fixes.
2026-09-12T20:50:02.107Z	
2026-09-12T20:50:02.107Z	┌─────────────────────────────────┐
2026-09-12T20:50:02.108Z	│ OpenNext — Building Next.js app │
2026-09-12T20:50:02.108Z	└─────────────────────────────────┘
2026-09-12T20:50:02.108Z	
2026-09-12T20:50:02.130Z	$ cross-env NODE_OPTIONS="--no-deprecation --max-old-space-size=8000" next build && opennextjs-cloudflare build
2026-09-12T20:50:02.741Z	▲ Next.js 16.3.3 (Turbopack)
2026-09-12T20:50:02.802Z	✓ Running next.config.ts took 58ms
2026-09-12T20:50:02.932Z	- Experiments (use with caution):
2026-09-12T20:50:02.932Z	  ⨯ turbopackServerFastRefresh
2026-09-12T20:50:02.932Z	
2026-09-12T20:50:02.978Z	  Creating an optimized production build ...
2026-09-12T20:50:05.252Z	✓ Compiled successfully in 1436ms
2026-09-12T20:50:05.260Z	  Running TypeScript ...
2026-09-12T20:50:09.574Z	  Finished TypeScript in 4.3s ...
2026-09-12T20:50:09.591Z	  Collecting page data using 3 workers ...
2026-09-12T20:50:11.649Z	⎔ Establishing remote connection...
2026-09-12T20:50:11.823Z	⎔ Establishing remote connection...
2026-09-12T20:50:13.673Z	  Generating static pages using 3 workers (0/2) ...
2026-09-12T20:50:13.970Z	✓ Generating static pages using 3 workers (2/2) in 297ms
2026-09-12T20:50:13.993Z	  Finalizing page optimization ...
2026-09-12T20:50:17.786Z	
2026-09-12T20:50:17.788Z	Route (app)
2026-09-12T20:50:17.789Z	┌ ○ /_not-found
2026-09-12T20:50:17.789Z	├ ƒ /admin/[[...segments]]
2026-09-12T20:50:17.789Z	└ ƒ /api/[...slug]
2026-09-12T20:50:17.789Z	
2026-09-12T20:50:17.789Z	
2026-09-12T20:50:17.789Z	○  (Static)   prerendered as static content
2026-09-12T20:50:17.789Z	ƒ  (Dynamic)  server-rendered on demand
2026-09-12T20:50:17.789Z	
2026-09-12T20:50:19.769Z	
2026-09-12T20:50:19.770Z	┌─────────────────────────────┐
2026-09-12T20:50:19.770Z	│ OpenNext — Cloudflare build │
2026-09-12T20:50:19.771Z	└─────────────────────────────┘
2026-09-12T20:50:19.771Z	
2026-09-12T20:50:19.942Z	App directory: /opt/buildhome/repo
2026-09-12T20:50:19.943Z	Next.js version : 16.3.3
2026-09-12T20:50:19.945Z	@opennextjs/cloudflare version: 1.20.6
2026-09-12T20:50:19.946Z	@opennextjs/aws version: 4.1.4
2026-09-12T20:50:19.946Z	WARN workerd compatibility_date: 2025-08-15, consider updating your wrangler config to a more recent date to benefit from the latest features and fixes.
2026-09-12T20:50:19.949Z	
2026-09-12T20:50:19.949Z	┌─────────────────────────────────┐
2026-09-12T20:50:19.950Z	│ OpenNext — Building Next.js app │
2026-09-12T20:50:19.950Z	└─────────────────────────────────┘
2026-09-12T20:50:19.950Z	
2026-09-12T20:50:19.977Z	$ cross-env NODE_OPTIONS="--no-deprecation --max-old-space-size=8000" next build && opennextjs-cloudflare build
2026-09-12T20:50:20.627Z	▲ Next.js 16.3.3 (Turbopack)
2026-09-12T20:50:20.701Z	✓ Running next.config.ts took 73ms
2026-09-12T20:50:20.835Z	- Experiments (use with caution):
2026-09-12T20:50:20.835Z	  ⨯ turbopackServerFastRefresh
2026-09-12T20:50:20.835Z	
2026-09-12T20:50:20.877Z	  Creating an optimized production build ...
2026-09-12T20:50:22.575Z	✓ Compiled successfully in 824ms
2026-09-12T20:50:22.579Z	  Running TypeScript ...
2026-09-12T20:50:26.966Z	  Finished TypeScript in 4.4s ...
2026-09-12T20:50:26.980Z	  Collecting page data using 3 workers ...
2026-09-12T20:50:29.586Z	⎔ Establishing remote connection...
2026-09-12T20:50:29.726Z	⎔ Establishing remote connection...
2026-09-12T20:50:31.457Z	  Generating static pages using 3 workers (0/2) ...
2026-09-12T20:50:31.688Z	✓ Generating static pages using 3 workers (2/2) in 232ms
2026-09-12T20:50:31.712Z	  Finalizing page optimization ...
2026-09-12T20:50:35.729Z	
2026-09-12T20:50:35.733Z	Route (app)
2026-09-12T20:50:35.734Z	┌ ○ /_not-found
2026-09-12T20:50:35.734Z	├ ƒ /admin/[[...segments]]
2026-09-12T20:50:35.734Z	└ ƒ /api/[...slug]
2026-09-12T20:50:35.734Z	
2026-09-12T20:50:35.734Z	
2026-09-12T20:50:35.735Z	○  (Static)   prerendered as static content
2026-09-12T20:50:35.735Z	ƒ  (Dynamic)  server-rendered on demand
2026-09-12T20:50:35.735Z	
2026-09-12T20:50:37.756Z	
2026-09-12T20:50:37.756Z	┌─────────────────────────────┐
2026-09-12T20:50:37.756Z	│ OpenNext — Cloudflare build │
2026-09-12T20:50:37.758Z	└─────────────────────────────┘
2026-09-12T20:50:37.758Z	
2026-09-12T20:50:37.924Z	App directory: /opt/buildhome/repo
2026-09-12T20:50:37.925Z	Next.js version : 16.3.3
2026-09-12T20:50:37.928Z	@opennextjs/cloudflare version: 1.20.6
2026-09-12T20:50:37.928Z	@opennextjs/aws version: 4.1.4
2026-09-12T20:50:37.929Z	WARN workerd compatibility_date: 2025-08-15, consider updating your wrangler config to a more recent date to benefit from the latest features and fixes.
2026-09-12T20:50:37.932Z	
2026-09-12T20:50:37.932Z	┌─────────────────────────────────┐
2026-09-12T20:50:37.932Z	│ OpenNext — Building Next.js app │
2026-09-12T20:50:37.932Z	└─────────────────────────────────┘
2026-09-12T20:50:37.932Z	
2026-09-12T20:50:37.955Z	$ cross-env NODE_OPTIONS="--no-deprecation --max-old-space-size=8000" next build && opennextjs-cloudflare build
2026-09-12T20:50:38.468Z	▲ Next.js 16.3.3 (Turbopack)
2026-09-12T20:50:38.523Z	✓ Running next.config.ts took 54ms
2026-09-12T20:50:38.663Z	- Experiments (use with caution):
2026-09-12T20:50:38.664Z	  ⨯ turbopackServerFastRefresh
2026-09-12T20:50:38.664Z	
2026-09-12T20:50:38.720Z	  Creating an optimized production build ...
2026-09-12T20:50:40.596Z	✓ Compiled successfully in 937ms
2026-09-12T20:50:40.600Z	  Running TypeScript ...
2026-09-12T20:50:44.774Z	  Finished TypeScript in 4.2s ...
2026-09-12T20:50:44.781Z	  Collecting page data using 3 workers ...
2026-09-12T20:50:46.843Z	⎔ Establishing remote connection...
2026-09-12T20:50:47.030Z	⎔ Establishing remote connection...
2026-09-12T20:50:48.721Z	  Generating static pages using 3 workers (0/2) ...
2026-09-12T20:50:48.922Z	✓ Generating static pages using 3 workers (2/2) in 201ms
2026-09-12T20:50:48.931Z	  Finalizing page optimization ...
2026-09-12T20:50:49.999Z	
2026-09-12T20:50:50.002Z	Route (app)
2026-09-12T20:50:50.002Z	┌ ○ /_not-found
2026-09-12T20:50:50.003Z	├ ƒ /admin/[[...segments]]
2026-09-12T20:50:50.003Z	└ ƒ /api/[...slug]
2026-09-12T20:50:50.003Z	
2026-09-12T20:50:50.003Z	
2026-09-12T20:50:50.003Z	○  (Static)   prerendered as static content
2026-09-12T20:50:50.003Z	ƒ  (Dynamic)  server-rendered on demand
2026-09-12T20:50:50.003Z	
2026-09-12T20:50:51.868Z	
2026-09-12T20:50:51.868Z	┌─────────────────────────────┐
2026-09-12T20:50:51.868Z	│ OpenNext — Cloudflare build │
2026-09-12T20:50:51.868Z	└─────────────────────────────┘
2026-09-12T20:50:51.868Z	
2026-09-12T20:50:52.015Z	App directory: /opt/buildhome/repo
2026-09-12T20:50:52.016Z	Next.js version : 16.3.3
2026-09-12T20:50:52.021Z	@opennextjs/cloudflare version: 1.20.6
2026-09-12T20:50:52.021Z	@opennextjs/aws version: 4.1.4
2026-09-12T20:50:52.021Z	WARN workerd compatibility_date: 2025-08-15, consider updating your wrangler config to a more recent date to benefit from the latest features and fixes.
2026-09-12T20:50:52.025Z	
2026-09-12T20:50:52.025Z	┌─────────────────────────────────┐
2026-09-12T20:50:52.025Z	│ OpenNext — Building Next.js app │
2026-09-12T20:50:52.025Z	└─────────────────────────────────┘
2026-09-12T20:50:52.025Z	
2026-09-12T20:50:52.044Z	$ cross-env NODE_OPTIONS="--no-deprecation --max-old-space-size=8000" next build && opennextjs-cloudflare build
2026-09-12T20:50:52.588Z	▲ Next.js 16.3.3 (Turbopack)
2026-09-12T20:50:52.631Z	✓ Running next.config.ts took 43ms
2026-09-12T20:50:52.734Z	- Experiments (use with caution):
2026-09-12T20:50:52.734Z	  ⨯ turbopackServerFastRefresh
2026-09-12T20:50:52.734Z	
2026-09-12T20:50:52.773Z	  Creating an optimized production build ...
2026-09-12T20:50:54.543Z	✓ Compiled successfully in 947ms
2026-09-12T20:50:54.547Z	  Running TypeScript ...
2026-09-12T20:50:58.537Z	  Finished TypeScript in 4.0s ...
2026-09-12T20:50:58.544Z	  Collecting page data using 3 workers ...
2026-09-12T20:51:01.282Z	⎔ Establishing remote connection...
2026-09-12T20:51:01.295Z	⎔ Establishing remote connection...
2026-09-12T20:51:03.141Z	  Generating static pages using 3 workers (0/2) ...
2026-09-12T20:51:03.481Z	✓ Generating static pages using 3 workers (2/2) in 340ms
2026-09-12T20:51:03.491Z	  Finalizing page optimization ...
2026-09-12T20:51:04.745Z	
2026-09-12T20:51:04.748Z	Route (app)
2026-09-12T20:51:04.748Z	┌ ○ /_not-found
2026-09-12T20:51:04.748Z	├ ƒ /admin/[[...segments]]
2026-09-12T20:51:04.748Z	└ ƒ /api/[...slug]
2026-09-12T20:51:04.748Z	
2026-09-12T20:51:04.748Z	
2026-09-12T20:51:04.748Z	○  (Static)   prerendered as static content
2026-09-12T20:51:04.748Z	ƒ  (Dynamic)  server-rendered on demand
2026-09-12T20:51:04.748Z	
2026-09-12T20:51:06.825Z	
2026-09-12T20:51:06.826Z	┌─────────────────────────────┐
2026-09-12T20:51:06.826Z	│ OpenNext — Cloudflare build │
2026-09-12T20:51:06.826Z	└─────────────────────────────┘
2026-09-12T20:51:06.826Z	
2026-09-12T20:51:06.969Z	App directory: /opt/buildhome/repo
2026-09-12T20:51:06.969Z	Next.js version : 16.3.3
2026-09-12T20:51:06.971Z	@opennextjs/cloudflare version: 1.20.6
2026-09-12T20:51:06.971Z	@opennextjs/aws version: 4.1.4
2026-09-12T20:51:06.972Z	WARN workerd compatibility_date: 2025-08-15, consider updating your wrangler config to a more recent date to benefit from the latest features and fixes.
2026-09-12T20:51:06.974Z	
2026-09-12T20:51:06.974Z	┌─────────────────────────────────┐
2026-09-12T20:51:06.974Z	│ OpenNext — Building Next.js app │
2026-09-12T20:51:06.974Z	└─────────────────────────────────┘
2026-09-12T20:51:06.974Z	
2026-09-12T20:51:06.990Z	$ cross-env NODE_OPTIONS="--no-deprecation --max-old-space-size=8000" next build && opennextjs-cloudflare build
2026-09-12T20:51:07.579Z	▲ Next.js 16.3.3 (Turbopack)
2026-09-12T20:51:07.642Z	✓ Running next.config.ts took 61ms
2026-09-12T20:51:07.788Z	- Experiments (use with caution):
2026-09-12T20:51:07.788Z	  ⨯ turbopackServerFastRefresh
2026-09-12T20:51:07.789Z	
2026-09-12T20:51:07.836Z	  Creating an optimized production build ...
2026-09-12T20:51:10.061Z	✓ Compiled successfully in 1394ms
2026-09-12T20:51:10.064Z	  Running TypeScript ...
2026-09-12T20:51:14.238Z	  Finished TypeScript in 4.2s ...
2026-09-12T20:51:14.246Z	  Collecting page data using 3 workers ...
2026-09-12T20:51:16.314Z	⎔ Establishing remote connection...
2026-09-12T20:51:16.475Z	⎔ Establishing remote connection...
2026-09-12T20:51:18.152Z	  Generating static pages using 3 workers (0/2) ...
2026-09-12T20:51:18.353Z	✓ Generating static pages using 3 workers (2/2) in 201ms
2026-09-12T20:51:18.368Z	  Finalizing page optimization ...
2026-09-12T20:51:20.629Z	
2026-09-12T20:51:20.632Z	Route (app)
2026-09-12T20:51:20.633Z	┌ ○ /_not-found
2026-09-12T20:51:20.633Z	├ ƒ /admin/[[...segments]]
2026-09-12T20:51:20.633Z	└ ƒ /api/[...slug]
2026-09-12T20:51:20.633Z	
2026-09-12T20:51:20.633Z	
2026-09-12T20:51:20.633Z	○  (Static)   prerendered as static content
2026-09-12T20:51:20.633Z	ƒ  (Dynamic)  server-rendered on demand
2026-09-12T20:51:20.633Z	
2026-09-12T20:51:22.454Z	
2026-09-12T20:51:22.455Z	┌─────────────────────────────┐
2026-09-12T20:51:22.455Z	│ OpenNext — Cloudflare build │
2026-09-12T20:51:22.455Z	└─────────────────────────────┘
2026-09-12T20:51:22.455Z	
2026-09-12T20:51:22.618Z	App directory: /opt/buildhome/repo
2026-09-12T20:51:22.618Z	Next.js version : 16.3.3
2026-09-12T20:51:22.621Z	@opennextjs/cloudflare version: 1.20.6
2026-09-12T20:51:22.621Z	@opennextjs/aws version: 4.1.4
2026-09-12T20:51:22.621Z	WARN workerd compatibility_date: 2025-08-15, consider updating your wrangler config to a more recent date to benefit from the latest features and fixes.
2026-09-12T20:51:22.622Z	
2026-09-12T20:51:22.622Z	┌─────────────────────────────────┐
2026-09-12T20:51:22.622Z	│ OpenNext — Building Next.js app │
2026-09-12T20:51:22.622Z	└─────────────────────────────────┘
2026-09-12T20:51:22.622Z	
2026-09-12T20:51:22.641Z	$ cross-env NODE_OPTIONS="--no-deprecation --max-old-space-size=8000" next build && opennextjs-cloudflare build
2026-09-12T20:51:23.173Z	▲ Next.js 16.3.3 (Turbopack)
2026-09-12T20:51:23.213Z	✓ Running next.config.ts took 39ms
2026-09-12T20:51:23.348Z	- Experiments (use with caution):
2026-09-12T20:51:23.348Z	  ⨯ turbopackServerFastRefresh
2026-09-12T20:51:23.348Z	
2026-09-12T20:51:23.401Z	  Creating an optimized production build ...
2026-09-12T20:51:25.554Z	✓ Compiled successfully in 1344ms
2026-09-12T20:51:25.558Z	  Running TypeScript ...
2026-09-12T20:51:29.399Z	  Finished TypeScript in 3.8s ...
2026-09-12T20:51:29.406Z	  Collecting page data using 3 workers ...
2026-09-12T20:51:31.430Z	⎔ Establishing remote connection...
2026-09-12T20:51:31.466Z	⎔ Establishing remote connection...
2026-09-12T20:51:33.329Z	  Generating static pages using 3 workers (0/2) ...
2026-09-12T20:51:33.574Z	✓ Generating static pages using 3 workers (2/2) in 246ms
2026-09-12T20:51:33.585Z	  Finalizing page optimization ...
2026-09-12T20:51:36.183Z	
2026-09-12T20:51:36.186Z	Route (app)
2026-09-12T20:51:36.186Z	┌ ○ /_not-found
2026-09-12T20:51:36.186Z	├ ƒ /admin/[[...segments]]
2026-09-12T20:51:36.186Z	└ ƒ /api/[...slug]
2026-09-12T20:51:36.186Z	
2026-09-12T20:51:36.186Z	
2026-09-12T20:51:36.186Z	○  (Static)   prerendered as static content
2026-09-12T20:51:36.186Z	ƒ  (Dynamic)  server-rendered on demand
2026-09-12T20:51:36.186Z	
2026-09-12T20:51:37.905Z	
2026-09-12T20:51:37.906Z	┌─────────────────────────────┐
2026-09-12T20:51:37.907Z	│ OpenNext — Cloudflare build │
2026-09-12T20:51:37.907Z	└─────────────────────────────┘
2026-09-12T20:51:37.907Z	
2026-09-12T20:51:38.063Z	App directory: /opt/buildhome/repo
2026-09-12T20:51:38.064Z	Next.js version : 16.3.3
2026-09-12T20:51:38.068Z	@opennextjs/cloudflare version: 1.20.6
2026-09-12T20:51:38.068Z	@opennextjs/aws version: 4.1.4
2026-09-12T20:51:38.068Z	WARN workerd compatibility_date: 2025-08-15, consider updating your wrangler config to a more recent date to benefit from the latest features and fixes.
2026-09-12T20:51:38.069Z	
2026-09-12T20:51:38.069Z	┌─────────────────────────────────┐
2026-09-12T20:51:38.069Z	│ OpenNext — Building Next.js app │
2026-09-12T20:51:38.069Z	└─────────────────────────────────┘
2026-09-12T20:51:38.069Z	
2026-09-12T20:51:38.085Z	$ cross-env NODE_OPTIONS="--no-deprecation --max-old-space-size=8000" next build && opennextjs-cloudflare build
2026-09-12T20:51:38.660Z	▲ Next.js 16.3.3 (Turbopack)
2026-09-12T20:51:38.704Z	✓ Running next.config.ts took 43ms
2026-09-12T20:51:38.837Z	- Experiments (use with caution):
2026-09-12T20:51:38.837Z	  ⨯ turbopackServerFastRefresh
2026-09-12T20:51:38.837Z	
2026-09-12T20:51:38.883Z	  Creating an optimized production build ...
2026-09-12T20:51:40.973Z	✓ Compiled successfully in 1221ms
2026-09-12T20:51:40.978Z	  Running TypeScript ...
2026-09-12T20:51:44.842Z	  Finished TypeScript in 3.9s ...
2026-09-12T20:51:44.853Z	  Collecting page data using 3 workers ...
2026-09-12T20:51:46.810Z	⎔ Establishing remote connection...
2026-09-12T20:51:47.087Z	⎔ Establishing remote connection...
2026-09-12T20:51:48.724Z	  Generating static pages using 3 workers (0/2) ...
2026-09-12T20:51:48.995Z	✓ Generating static pages using 3 workers (2/2) in 271ms
2026-09-12T20:51:49.016Z	  Finalizing page optimization ...
2026-09-12T20:51:52.885Z	
2026-09-12T20:51:52.888Z	Route (app)
2026-09-12T20:51:52.889Z	┌ ○ /_not-found
2026-09-12T20:51:52.889Z	├ ƒ /admin/[[...segments]]
2026-09-12T20:51:52.889Z	└ ƒ /api/[...slug]
2026-09-12T20:51:52.889Z	
2026-09-12T20:51:52.889Z	
2026-09-12T20:51:52.889Z	○  (Static)   prerendered as static content
2026-09-12T20:51:52.889Z	ƒ  (Dynamic)  server-rendered on demand
2026-09-12T20:51:52.889Z	
2026-09-12T20:51:54.897Z	
2026-09-12T20:51:54.897Z	┌─────────────────────────────┐
2026-09-12T20:51:54.897Z	│ OpenNext — Cloudflare build │
2026-09-12T20:51:54.897Z	└─────────────────────────────┘
2026-09-12T20:51:54.897Z	
2026-09-12T20:51:55.041Z	App directory: /opt/buildhome/repo
2026-09-12T20:51:55.041Z	Next.js version : 16.3.3
2026-09-12T20:51:55.043Z	@opennextjs/cloudflare version: 1.20.6
2026-09-12T20:51:55.043Z	@opennextjs/aws version: 4.1.4
2026-09-12T20:51:55.043Z	WARN workerd compatibility_date: 2025-08-15, consider updating your wrangler config to a more recent date to benefit from the latest features and fixes.
2026-09-12T20:51:55.046Z	
2026-09-12T20:51:55.046Z	┌─────────────────────────────────┐
2026-09-12T20:51:55.046Z	│ OpenNext — Building Next.js app │
2026-09-12T20:51:55.047Z	└─────────────────────────────────┘
2026-09-12T20:51:55.047Z	
2026-09-12T20:51:55.064Z	$ cross-env NODE_OPTIONS="--no-deprecation --max-old-space-size=8000" next build && opennextjs-cloudflare build
2026-09-12T20:51:55.617Z	▲ Next.js 16.3.3 (Turbopack)
2026-09-12T20:51:55.677Z	✓ Running next.config.ts took 58ms
2026-09-12T20:51:55.806Z	- Experiments (use with caution):
2026-09-12T20:51:55.807Z	  ⨯ turbopackServerFastRefresh
2026-09-12T20:51:55.807Z	
2026-09-12T20:51:55.854Z	  Creating an optimized production build ...
2026-09-12T20:51:58.068Z	✓ Compiled successfully in 1410ms
2026-09-12T20:51:58.073Z	  Running TypeScript ...
2026-09-12T20:52:01.920Z	  Finished TypeScript in 3.8s ...
2026-09-12T20:52:01.925Z	  Collecting page data using 3 workers ...
2026-09-12T20:52:03.943Z	⎔ Establishing remote connection...
2026-09-12T20:52:04.130Z	⎔ Establishing remote connection...
2026-09-12T20:52:05.786Z	  Generating static pages using 3 workers (0/2) ...
2026-09-12T20:52:05.985Z	✓ Generating static pages using 3 workers (2/2) in 199ms
2026-09-12T20:52:05.994Z	  Finalizing page optimization ...
2026-09-12T20:52:09.527Z	
2026-09-12T20:52:09.530Z	Route (app)
2026-09-12T20:52:09.531Z	┌ ○ /_not-found
2026-09-12T20:52:09.531Z	├ ƒ /admin/[[...segments]]
2026-09-12T20:52:09.531Z	└ ƒ /api/[...slug]
2026-09-12T20:52:09.531Z	
2026-09-12T20:52:09.531Z	
2026-09-12T20:52:09.531Z	○  (Static)   prerendered as static content
2026-09-12T20:52:09.531Z	ƒ  (Dynamic)  server-rendered on demand
2026-09-12T20:52:09.531Z	
2026-09-12T20:52:11.614Z	
2026-09-12T20:52:11.614Z	┌─────────────────────────────┐
2026-09-12T20:52:11.614Z	│ OpenNext — Cloudflare build │
2026-09-12T20:52:11.614Z	└─────────────────────────────┘
2026-09-12T20:52:11.614Z	
2026-09-12T20:52:11.794Z	App directory: /opt/buildhome/repo
2026-09-12T20:52:11.794Z	Next.js version : 16.3.3
2026-09-12T20:52:11.797Z	@opennextjs/cloudflare version: 1.20.6
2026-09-12T20:52:11.800Z	@opennextjs/aws version: 4.1.4
2026-09-12T20:52:11.801Z	
2026-09-12T20:52:11.801Z	┌─────────────────────────────────┐
2026-09-12T20:52:11.801Z	│ OpenNext — Building Next.js app │
2026-09-12T20:52:11.801Z	└─────────────────────────────────┘
2026-09-12T20:52:11.801Z	
2026-09-12T20:52:11.801Z	WARN workerd compatibility_date: 2025-08-15, consider updating your wrangler config to a more recent date to benefit from the latest features and fixes.
2026-09-12T20:52:11.824Z	$ cross-env NODE_OPTIONS="--no-deprecation --max-old-space-size=8000" next build && opennextjs-cloudflare build
2026-09-12T20:52:12.479Z	▲ Next.js 16.3.3 (Turbopack)
2026-09-12T20:52:12.529Z	✓ Running next.config.ts took 49ms
2026-09-12T20:52:12.651Z	- Experiments (use with caution):
2026-09-12T20:52:12.651Z	  ⨯ turbopackServerFastRefresh
2026-09-12T20:52:12.651Z	
2026-09-12T20:52:12.695Z	  Creating an optimized production build ...
2026-09-12T20:52:14.907Z	✓ Compiled successfully in 1395ms
2026-09-12T20:52:14.912Z	  Running TypeScript ...
2026-09-12T20:52:18.636Z	  Finished TypeScript in 3.7s ...
2026-09-12T20:52:18.651Z	  Collecting page data using 3 workers ...
2026-09-12T20:52:20.911Z	⎔ Establishing remote connection...
2026-09-12T20:52:21.029Z	⎔ Establishing remote connection...
2026-09-12T20:52:22.777Z	  Generating static pages using 3 workers (0/2) ...
2026-09-12T20:52:22.975Z	✓ Generating static pages using 3 workers (2/2) in 198ms
2026-09-12T20:52:22.994Z	  Finalizing page optimization ...
2026-09-12T20:52:26.688Z	
2026-09-12T20:52:26.690Z	Route (app)
2026-09-12T20:52:26.691Z	┌ ○ /_not-found
2026-09-12T20:52:26.691Z	├ ƒ /admin/[[...segments]]
2026-09-12T20:52:26.691Z	└ ƒ /api/[...slug]
2026-09-12T20:52:26.691Z	
2026-09-12T20:52:26.691Z	
2026-09-12T20:52:26.691Z	○  (Static)   prerendered as static content
2026-09-12T20:52:26.691Z	ƒ  (Dynamic)  server-rendered on demand
2026-09-12T20:52:26.691Z	
2026-09-12T20:52:28.510Z	
2026-09-12T20:52:28.510Z	┌─────────────────────────────┐
2026-09-12T20:52:28.510Z	│ OpenNext — Cloudflare build │
2026-09-12T20:52:28.510Z	└─────────────────────────────┘
2026-09-12T20:52:28.510Z	
2026-09-12T20:52:28.639Z	App directory: /opt/buildhome/repo
2026-09-12T20:52:28.639Z	Next.js version : 16.3.3
2026-09-12T20:52:28.640Z	@opennextjs/cloudflare version: 1.20.6
2026-09-12T20:52:28.640Z	@opennextjs/aws version: 4.1.4
2026-09-12T20:52:28.641Z	WARN workerd compatibility_date: 2025-08-15, consider updating your wrangler config to a more recent date to benefit from the latest features and fixes.
2026-09-12T20:52:28.642Z	
2026-09-12T20:52:28.642Z	┌─────────────────────────────────┐
2026-09-12T20:52:28.643Z	│ OpenNext — Building Next.js app │
2026-09-12T20:52:28.643Z	└─────────────────────────────────┘
2026-09-12T20:52:28.643Z	
2026-09-12T20:52:28.659Z	$ cross-env NODE_OPTIONS="--no-deprecation --max-old-space-size=8000" next build && opennextjs-cloudflare build
2026-09-12T20:52:29.095Z	▲ Next.js 16.3.3 (Turbopack)
2026-09-12T20:52:29.135Z	✓ Running next.config.ts took 42ms
2026-09-12T20:52:29.248Z	- Experiments (use with caution):
2026-09-12T20:52:29.248Z	  ⨯ turbopackServerFastRefresh
2026-09-12T20:52:29.248Z	
2026-09-12T20:52:29.286Z	  Creating an optimized production build ...
2026-09-12T20:52:30.785Z	✓ Compiled successfully in 702ms
2026-09-12T20:52:30.791Z	  Running TypeScript ...
2026-09-12T20:52:34.587Z	  Finished TypeScript in 3.8s ...
2026-09-12T20:52:34.597Z	  Collecting page data using 3 workers ...
2026-09-12T20:52:36.648Z	⎔ Establishing remote connection...
2026-09-12T20:52:36.749Z	⎔ Establishing remote connection...
2026-09-12T20:52:38.491Z	  Generating static pages using 3 workers (0/2) ...
2026-09-12T20:52:38.722Z	✓ Generating static pages using 3 workers (2/2) in 231ms
2026-09-12T20:52:38.738Z	  Finalizing page optimization ...
2026-09-12T20:52:42.635Z	
2026-09-12T20:52:42.640Z	Route (app)
2026-09-12T20:52:42.640Z	┌ ○ /_not-found
2026-09-12T20:52:42.640Z	├ ƒ /admin/[[...segments]]
2026-09-12T20:52:42.640Z	└ ƒ /api/[...slug]
2026-09-12T20:52:42.640Z	
2026-09-12T20:52:42.640Z	
2026-09-12T20:52:42.640Z	○  (Static)   prerendered as static content
2026-09-12T20:52:42.640Z	ƒ  (Dynamic)  server-rendered on demand
2026-09-12T20:52:42.640Z	
2026-09-12T20:52:44.668Z	
2026-09-12T20:52:44.668Z	┌─────────────────────────────┐
2026-09-12T20:52:44.668Z	│ OpenNext — Cloudflare build │
2026-09-12T20:52:44.668Z	└─────────────────────────────┘
2026-09-12T20:52:44.668Z	
2026-09-12T20:52:44.827Z	App directory: /opt/buildhome/repo
2026-09-12T20:52:44.827Z	Next.js version : 16.3.3
2026-09-12T20:52:44.829Z	@opennextjs/cloudflare version: 1.20.6
2026-09-12T20:52:44.829Z	@opennextjs/aws version: 4.1.4
2026-09-12T20:52:44.830Z	WARN workerd compatibility_date: 2025-08-15, consider updating your wrangler config to a more recent date to benefit from the latest features and fixes.
2026-09-12T20:52:44.831Z	
2026-09-12T20:52:44.831Z	┌─────────────────────────────────┐
2026-09-12T20:52:44.831Z	│ OpenNext — Building Next.js app │
2026-09-12T20:52:44.831Z	└─────────────────────────────────┘
2026-09-12T20:52:44.831Z	
2026-09-12T20:52:44.851Z	$ cross-env NODE_OPTIONS="--no-deprecation --max-old-space-size=8000" next build && opennextjs-cloudflare build
2026-09-12T20:52:45.406Z	▲ Next.js 16.3.3 (Turbopack)
2026-09-12T20:52:45.466Z	✓ Running next.config.ts took 59ms
2026-09-12T20:52:45.607Z	- Experiments (use with caution):
2026-09-12T20:52:45.607Z	  ⨯ turbopackServerFastRefresh
2026-09-12T20:52:45.608Z	
2026-09-12T20:52:45.661Z	  Creating an optimized production build ...
2026-09-12T20:52:47.852Z	✓ Compiled successfully in 1361ms
2026-09-12T20:52:47.857Z	  Running TypeScript ...
2026-09-12T20:52:52.059Z	  Finished TypeScript in 4.2s ...
2026-09-12T20:52:52.074Z	  Collecting page data using 3 workers ...
2026-09-12T20:52:54.189Z	⎔ Establishing remote connection...
2026-09-12T20:52:54.342Z	⎔ Establishing remote connection...
2026-09-12T20:52:55.976Z	  Generating static pages using 3 workers (0/2) ...
2026-09-12T20:52:56.191Z	✓ Generating static pages using 3 workers (2/2) in 215ms
2026-09-12T20:52:56.212Z	  Finalizing page optimization ...
2026-09-12T20:52:59.527Z	
2026-09-12T20:52:59.529Z	Route (app)
2026-09-12T20:52:59.529Z	┌ ○ /_not-found
2026-09-12T20:52:59.530Z	├ ƒ /admin/[[...segments]]
2026-09-12T20:52:59.530Z	└ ƒ /api/[...slug]
2026-09-12T20:52:59.530Z	
2026-09-12T20:52:59.530Z	
2026-09-12T20:52:59.530Z	○  (Static)   prerendered as static content
2026-09-12T20:52:59.530Z	ƒ  (Dynamic)  server-rendered on demand
2026-09-12T20:52:59.530Z	
2026-09-12T20:53:01.735Z	
2026-09-12T20:53:01.736Z	┌─────────────────────────────┐
2026-09-12T20:53:01.737Z	│ OpenNext — Cloudflare build │
2026-09-12T20:53:01.737Z	└─────────────────────────────┘
2026-09-12T20:53:01.737Z	
2026-09-12T20:53:01.911Z	App directory: /opt/buildhome/repo
2026-09-12T20:53:01.911Z	Next.js version : 16.3.3
2026-09-12T20:53:01.913Z	@opennextjs/cloudflare version: 1.20.6
2026-09-12T20:53:01.914Z	@opennextjs/aws version: 4.1.4
2026-09-12T20:53:01.915Z	WARN workerd compatibility_date: 2025-08-15, consider updating your wrangler config to a more recent date to benefit from the latest features and fixes.
2026-09-12T20:53:01.916Z	
2026-09-12T20:53:01.916Z	┌─────────────────────────────────┐
2026-09-12T20:53:01.916Z	│ OpenNext — Building Next.js app │
2026-09-12T20:53:01.916Z	└─────────────────────────────────┘
2026-09-12T20:53:01.916Z	
2026-09-12T20:53:01.935Z	$ cross-env NODE_OPTIONS="--no-deprecation --max-old-space-size=8000" next build && opennextjs-cloudflare build
2026-09-12T20:53:02.538Z	▲ Next.js 16.3.3 (Turbopack)
2026-09-12T20:53:02.589Z	✓ Running next.config.ts took 49ms
2026-09-12T20:53:02.711Z	- Experiments (use with caution):
2026-09-12T20:53:02.711Z	  ⨯ turbopackServerFastRefresh
2026-09-12T20:53:02.711Z	
2026-09-12T20:53:02.751Z	  Creating an optimized production build ...
2026-09-12T20:53:05.121Z	✓ Compiled successfully in 1498ms
2026-09-12T20:53:05.128Z	  Running TypeScript ...
2026-09-12T20:53:09.215Z	  Finished TypeScript in 4.1s ...
2026-09-12T20:53:09.227Z	  Collecting page data using 3 workers ...
2026-09-12T20:53:11.347Z	⎔ Establishing remote connection...
2026-09-12T20:53:11.684Z	⎔ Establishing remote connection...
2026-09-12T20:53:13.444Z	  Generating static pages using 3 workers (0/2) ...
2026-09-12T20:53:13.725Z	✓ Generating static pages using 3 workers (2/2) in 281ms
2026-09-12T20:53:13.747Z	  Finalizing page optimization ...
2026-09-12T20:53:17.853Z	
2026-09-12T20:53:17.857Z	Route (app)
2026-09-12T20:53:17.857Z	┌ ○ /_not-found
2026-09-12T20:53:17.857Z	├ ƒ /admin/[[...segments]]
2026-09-12T20:53:17.857Z	└ ƒ /api/[...slug]
2026-09-12T20:53:17.857Z	
2026-09-12T20:53:17.857Z	
2026-09-12T20:53:17.857Z	○  (Static)   prerendered as static content
2026-09-12T20:53:17.858Z	ƒ  (Dynamic)  server-rendered on demand
2026-09-12T20:53:17.858Z	
2026-09-12T20:53:20.011Z	
2026-09-12T20:53:20.011Z	┌─────────────────────────────┐
2026-09-12T20:53:20.011Z	│ OpenNext — Cloudflare build │
2026-09-12T20:53:20.011Z	└─────────────────────────────┘
2026-09-12T20:53:20.012Z	
2026-09-12T20:53:20.180Z	App directory: /opt/buildhome/repo
2026-09-12T20:53:20.181Z	Next.js version : 16.3.3
2026-09-12T20:53:20.183Z	@opennextjs/cloudflare version: 1.20.6
2026-09-12T20:53:20.183Z	@opennextjs/aws version: 4.1.4
2026-09-12T20:53:20.184Z	WARN workerd compatibility_date: 2025-08-15, consider updating your wrangler config to a more recent date to benefit from the latest features and fixes.
2026-09-12T20:53:20.185Z	
2026-09-12T20:53:20.185Z	┌─────────────────────────────────┐
2026-09-12T20:53:20.185Z	│ OpenNext — Building Next.js app │
2026-09-12T20:53:20.185Z	└─────────────────────────────────┘
2026-09-12T20:53:20.185Z	
2026-09-12T20:53:20.202Z	$ cross-env NODE_OPTIONS="--no-deprecation --max-old-space-size=8000" next build && opennextjs-cloudflare build
2026-09-12T20:53:20.796Z	▲ Next.js 16.3.3 (Turbopack)
2026-09-12T20:53:20.846Z	✓ Running next.config.ts took 48ms
2026-09-12T20:53:20.973Z	- Experiments (use with caution):
2026-09-12T20:53:20.974Z	  ⨯ turbopackServerFastRefresh
2026-09-12T20:53:20.974Z	
2026-09-12T20:53:21.059Z	  Creating an optimized production build ...
2026-09-12T20:53:23.247Z	✓ Compiled successfully in 1327ms
2026-09-12T20:53:23.253Z	  Running TypeScript ...
2026-09-12T20:53:27.187Z	  Finished TypeScript in 3.9s ...
2026-09-12T20:53:27.201Z	  Collecting page data using 3 workers ...
2026-09-12T20:53:29.403Z	⎔ Establishing remote connection...
2026-09-12T20:53:29.540Z	⎔ Establishing remote connection...
2026-09-12T20:53:31.181Z	  Generating static pages using 3 workers (0/2) ...
2026-09-12T20:53:31.341Z	✓ Generating static pages using 3 workers (2/2) in 160ms
2026-09-12T20:53:31.349Z	  Finalizing page optimization ...
2026-09-12T20:53:34.506Z	
2026-09-12T20:53:34.509Z	Route (app)
2026-09-12T20:53:34.510Z	┌ ○ /_not-found
2026-09-12T20:53:34.510Z	├ ƒ /admin/[[...segments]]
2026-09-12T20:53:34.510Z	└ ƒ /api/[...slug]
2026-09-12T20:53:34.510Z	
2026-09-12T20:53:34.510Z	
2026-09-12T20:53:34.510Z	○  (Static)   prerendered as static content
2026-09-12T20:53:34.510Z	ƒ  (Dynamic)  server-rendered on demand
2026-09-12T20:53:34.510Z	
2026-09-12T20:53:36.606Z	
2026-09-12T20:53:36.606Z	┌─────────────────────────────┐
2026-09-12T20:53:36.606Z	│ OpenNext — Cloudflare build │
2026-09-12T20:53:36.607Z	└─────────────────────────────┘
2026-09-12T20:53:36.607Z	
2026-09-12T20:53:36.755Z	App directory: /opt/buildhome/repo
2026-09-12T20:53:36.755Z	Next.js version : 16.3.3
2026-09-12T20:53:36.757Z	@opennextjs/cloudflare version: 1.20.6
2026-09-12T20:53:36.757Z	@opennextjs/aws version: 4.1.4
2026-09-12T20:53:36.758Z	WARN workerd compatibility_date: 2025-08-15, consider updating your wrangler config to a more recent date to benefit from the latest features and fixes.
2026-09-12T20:53:36.759Z	
2026-09-12T20:53:36.759Z	┌─────────────────────────────────┐
2026-09-12T20:53:36.759Z	│ OpenNext — Building Next.js app │
2026-09-12T20:53:36.759Z	└─────────────────────────────────┘
2026-09-12T20:53:36.759Z	
2026-09-12T20:53:36.776Z	$ cross-env NODE_OPTIONS="--no-deprecation --max-old-space-size=8000" next build && opennextjs-cloudflare build
2026-09-12T20:53:37.332Z	▲ Next.js 16.3.3 (Turbopack)
2026-09-12T20:53:37.374Z	✓ Running next.config.ts took 41ms
2026-09-12T20:53:37.509Z	- Experiments (use with caution):
2026-09-12T20:53:37.510Z	  ⨯ turbopackServerFastRefresh
2026-09-12T20:53:37.510Z	
2026-09-12T20:53:37.556Z	  Creating an optimized production build ...
2026-09-12T20:53:39.801Z	✓ Compiled successfully in 1396ms
2026-09-12T20:53:39.806Z	  Running TypeScript ...
2026-09-12T20:53:43.704Z	  Finished TypeScript in 3.9s ...
2026-09-12T20:53:43.716Z	  Collecting page data using 3 workers ...
2026-09-12T20:53:45.884Z	⎔ Establishing remote connection...
2026-09-12T20:53:45.997Z	⎔ Establishing remote connection...
2026-09-12T20:53:47.817Z	  Generating static pages using 3 workers (0/2) ...
2026-09-12T20:53:48.148Z	✓ Generating static pages using 3 workers (2/2) in 332ms
2026-09-12T20:53:48.166Z	  Finalizing page optimization ...
2026-09-12T20:53:52.082Z	
2026-09-12T20:53:52.085Z	Route (app)
2026-09-12T20:53:52.086Z	┌ ○ /_not-found
2026-09-12T20:53:52.086Z	├ ƒ /admin/[[...segments]]
2026-09-12T20:53:52.086Z	└ ƒ /api/[...slug]
2026-09-12T20:53:52.086Z	
2026-09-12T20:53:52.086Z	
2026-09-12T20:53:52.086Z	○  (Static)   prerendered as static content
2026-09-12T20:53:52.086Z	ƒ  (Dynamic)  server-rendered on demand
2026-09-12T20:53:52.086Z	
2026-09-12T20:53:53.875Z	
2026-09-12T20:53:53.875Z	┌─────────────────────────────┐
2026-09-12T20:53:53.875Z	│ OpenNext — Cloudflare build │
2026-09-12T20:53:53.875Z	└─────────────────────────────┘
2026-09-12T20:53:53.875Z	
2026-09-12T20:53:54.043Z	App directory: /opt/buildhome/repo
2026-09-12T20:53:54.043Z	Next.js version : 16.3.3
2026-09-12T20:53:54.045Z	@opennextjs/cloudflare version: 1.20.6
2026-09-12T20:53:54.045Z	@opennextjs/aws version: 4.1.4
2026-09-12T20:53:54.045Z	WARN workerd compatibility_date: 2025-08-15, consider updating your wrangler config to a more recent date to benefit from the latest features and fixes.
2026-09-12T20:53:54.046Z	
2026-09-12T20:53:54.046Z	┌─────────────────────────────────┐
2026-09-12T20:53:54.046Z	│ OpenNext — Building Next.js app │
2026-09-12T20:53:54.046Z	└─────────────────────────────────┘
2026-09-12T20:53:54.046Z	
2026-09-12T20:53:54.067Z	$ cross-env NODE_OPTIONS="--no-deprecation --max-old-space-size=8000" next build && opennextjs-cloudflare build
2026-09-12T20:53:54.624Z	▲ Next.js 16.3.3 (Turbopack)
2026-09-12T20:53:54.673Z	✓ Running next.config.ts took 48ms
2026-09-12T20:53:54.820Z	- Experiments (use with caution):
2026-09-12T20:53:54.821Z	  ⨯ turbopackServerFastRefresh
2026-09-12T20:53:54.822Z	
2026-09-12T20:53:54.879Z	  Creating an optimized production build ...
2026-09-12T20:53:57.181Z	✓ Compiled successfully in 1443ms
2026-09-12T20:53:57.184Z	  Running TypeScript ...
2026-09-12T20:54:01.247Z	  Finished TypeScript in 4.1s ...
2026-09-12T20:54:01.253Z	  Collecting page data using 3 workers ...
2026-09-12T20:54:03.295Z	⎔ Establishing remote connection...
2026-09-12T20:54:03.643Z	⎔ Establishing remote connection...
2026-09-12T20:54:05.293Z	  Generating static pages using 3 workers (0/2) ...
2026-09-12T20:54:05.606Z	✓ Generating static pages using 3 workers (2/2) in 313ms
2026-09-12T20:54:05.617Z	  Finalizing page optimization ...
2026-09-12T20:54:09.022Z	
2026-09-12T20:54:09.025Z	Route (app)
2026-09-12T20:54:09.025Z	┌ ○ /_not-found
2026-09-12T20:54:09.026Z	├ ƒ /admin/[[...segments]]
2026-09-12T20:54:09.026Z	└ ƒ /api/[...slug]
2026-09-12T20:54:09.026Z	
2026-09-12T20:54:09.026Z	
2026-09-12T20:54:09.026Z	○  (Static)   prerendered as static content
2026-09-12T20:54:09.026Z	ƒ  (Dynamic)  server-rendered on demand
2026-09-12T20:54:09.026Z	
2026-09-12T20:54:10.869Z	
2026-09-12T20:54:10.869Z	┌─────────────────────────────┐
2026-09-12T20:54:10.869Z	│ OpenNext — Cloudflare build │
2026-09-12T20:54:10.869Z	└─────────────────────────────┘
2026-09-12T20:54:10.869Z	
2026-09-12T20:54:11.021Z	App directory: /opt/buildhome/repo
2026-09-12T20:54:11.021Z	Next.js version : 16.3.3
2026-09-12T20:54:11.023Z	@opennextjs/cloudflare version: 1.20.6
2026-09-12T20:54:11.023Z	@opennextjs/aws version: 4.1.4
2026-09-12T20:54:11.024Z	WARN workerd compatibility_date: 2025-08-15, consider updating your wrangler config to a more recent date to benefit from the latest features and fixes.
2026-09-12T20:54:11.026Z	
2026-09-12T20:54:11.026Z	┌─────────────────────────────────┐
2026-09-12T20:54:11.026Z	│ OpenNext — Building Next.js app │
2026-09-12T20:54:11.026Z	└─────────────────────────────────┘
2026-09-12T20:54:11.026Z	
2026-09-12T20:54:11.043Z	$ cross-env NODE_OPTIONS="--no-deprecation --max-old-space-size=8000" next build && opennextjs-cloudflare build
2026-09-12T20:54:11.580Z	▲ Next.js 16.3.3 (Turbopack)
2026-09-12T20:54:11.636Z	✓ Running next.config.ts took 55ms
2026-09-12T20:54:11.755Z	- Experiments (use with caution):
2026-09-12T20:54:11.756Z	  ⨯ turbopackServerFastRefresh
2026-09-12T20:54:11.756Z	
2026-09-12T20:54:11.795Z	  Creating an optimized production build ...
2026-09-12T20:54:13.924Z	✓ Compiled successfully in 1347ms
2026-09-12T20:54:13.928Z	  Running TypeScript ...
2026-09-12T20:54:17.670Z	  Finished TypeScript in 3.7s ...
2026-09-12T20:54:17.682Z	  Collecting page data using 3 workers ...
2026-09-12T20:54:19.674Z	⎔ Establishing remote connection...
2026-09-12T20:54:19.838Z	⎔ Establishing remote connection...
2026-09-12T20:54:21.520Z	  Generating static pages using 3 workers (0/2) ...
2026-09-12T20:54:21.812Z	✓ Generating static pages using 3 workers (2/2) in 293ms
2026-09-12T20:54:21.835Z	  Finalizing page optimization ...
2026-09-12T20:54:25.474Z	
2026-09-12T20:54:25.474Z	Route (app)
2026-09-12T20:54:25.474Z	┌ ○ /_not-found
2026-09-12T20:54:25.474Z	├ ƒ /admin/[[...segments]]
2026-09-12T20:54:25.474Z	└ ƒ /api/[...slug]
2026-09-12T20:54:25.474Z	
2026-09-12T20:54:25.474Z	
2026-09-12T20:54:25.474Z	○  (Static)   prerendered as static content
2026-09-12T20:54:25.474Z	ƒ  (Dynamic)  server-rendered on demand
2026-09-12T20:54:25.474Z	
2026-09-12T20:54:27.338Z	
2026-09-12T20:54:27.338Z	┌─────────────────────────────┐
2026-09-12T20:54:27.338Z	│ OpenNext — Cloudflare build │
2026-09-12T20:54:27.338Z	└─────────────────────────────┘
2026-09-12T20:54:27.338Z	
2026-09-12T20:54:27.471Z	App directory: /opt/buildhome/repo
2026-09-12T20:54:27.471Z	Next.js version : 16.3.3
2026-09-12T20:54:27.473Z	@opennextjs/cloudflare version: 1.20.6
2026-09-12T20:54:27.473Z	@opennextjs/aws version: 4.1.4
2026-09-12T20:54:27.473Z	WARN workerd compatibility_date: 2025-08-15, consider updating your wrangler config to a more recent date to benefit from the latest features and fixes.
2026-09-12T20:54:27.475Z	
2026-09-12T20:54:27.475Z	┌─────────────────────────────────┐
2026-09-12T20:54:27.475Z	│ OpenNext — Building Next.js app │
2026-09-12T20:54:27.475Z	└─────────────────────────────────┘
2026-09-12T20:54:27.475Z	
2026-09-12T20:54:27.496Z	$ cross-env NODE_OPTIONS="--no-deprecation --max-old-space-size=8000" next build && opennextjs-cloudflare build
2026-09-12T20:54:28.034Z	▲ Next.js 16.3.3 (Turbopack)
2026-09-12T20:54:28.077Z	✓ Running next.config.ts took 47ms
2026-09-12T20:54:28.203Z	- Experiments (use with caution):
2026-09-12T20:54:28.204Z	  ⨯ turbopackServerFastRefresh
2026-09-12T20:54:28.204Z	
2026-09-12T20:54:28.251Z	  Creating an optimized production build ...
2026-09-12T20:54:30.453Z	✓ Compiled successfully in 1370ms
2026-09-12T20:54:30.457Z	  Running TypeScript ...
2026-09-12T20:54:34.325Z	  Finished TypeScript in 3.9s ...
2026-09-12T20:54:34.339Z	  Collecting page data using 3 workers ...
2026-09-12T20:54:36.331Z	⎔ Establishing remote connection...
2026-09-12T20:54:36.409Z	⎔ Establishing remote connection...
2026-09-12T20:54:37.875Z	  Generating static pages using 3 workers (0/2) ...
2026-09-12T20:54:38.047Z	✓ Generating static pages using 3 workers (2/2) in 172ms
2026-09-12T20:54:38.056Z	  Finalizing page optimization ...
2026-09-12T20:54:42.251Z	
2026-09-12T20:54:42.256Z	Route (app)
2026-09-12T20:54:42.256Z	┌ ○ /_not-found
2026-09-12T20:54:42.256Z	├ ƒ /admin/[[...segments]]
2026-09-12T20:54:42.257Z	└ ƒ /api/[...slug]
2026-09-12T20:54:42.257Z	
2026-09-12T20:54:42.257Z	
2026-09-12T20:54:42.257Z	○  (Static)   prerendered as static content
2026-09-12T20:54:42.257Z	ƒ  (Dynamic)  server-rendered on demand
2026-09-12T20:54:42.257Z	
2026-09-12T20:54:44.156Z	
2026-09-12T20:54:44.156Z	┌─────────────────────────────┐
2026-09-12T20:54:44.156Z	│ OpenNext — Cloudflare build │
2026-09-12T20:54:44.156Z	└─────────────────────────────┘
2026-09-12T20:54:44.156Z	
2026-09-12T20:54:44.291Z	App directory: /opt/buildhome/repo
2026-09-12T20:54:44.292Z	Next.js version : 16.3.3
2026-09-12T20:54:44.293Z	@opennextjs/cloudflare version: 1.20.6
2026-09-12T20:54:44.293Z	@opennextjs/aws version: 4.1.4
2026-09-12T20:54:44.293Z	WARN workerd compatibility_date: 2025-08-15, consider updating your wrangler config to a more recent date to benefit from the latest features and fixes.
2026-09-12T20:54:44.295Z	
2026-09-12T20:54:44.295Z	┌─────────────────────────────────┐
2026-09-12T20:54:44.295Z	│ OpenNext — Building Next.js app │
2026-09-12T20:54:44.295Z	└─────────────────────────────────┘
2026-09-12T20:54:44.295Z	
2026-09-12T20:54:44.313Z	$ cross-env NODE_OPTIONS="--no-deprecation --max-old-space-size=8000" next build && opennextjs-cloudflare build
2026-09-12T20:54:44.812Z	▲ Next.js 16.3.3 (Turbopack)
2026-09-12T20:54:44.865Z	✓ Running next.config.ts took 52ms
2026-09-12T20:54:44.965Z	- Experiments (use with caution):
2026-09-12T20:54:44.965Z	  ⨯ turbopackServerFastRefresh
2026-09-12T20:54:44.965Z	
2026-09-12T20:54:45.021Z	  Creating an optimized production build ...
2026-09-12T20:54:47.365Z	✓ Compiled successfully in 1461ms
2026-09-12T20:54:47.376Z	  Running TypeScript ...
2026-09-12T20:54:51.266Z	  Finished TypeScript in 3.9s ...
2026-09-12T20:54:51.280Z	  Collecting page data using 3 workers ...
2026-09-12T20:54:53.388Z	⎔ Establishing remote connection...
2026-09-12T20:54:53.527Z	⎔ Establishing remote connection...
2026-09-12T20:54:55.128Z	  Generating static pages using 3 workers (0/2) ...
2026-09-12T20:54:55.341Z	✓ Generating static pages using 3 workers (2/2) in 211ms
2026-09-12T20:54:55.371Z	  Finalizing page optimization ...
2026-09-12T20:54:58.949Z	
2026-09-12T20:54:58.951Z	Route (app)
2026-09-12T20:54:58.952Z	┌ ○ /_not-found
2026-09-12T20:54:58.952Z	├ ƒ /admin/[[...segments]]
2026-09-12T20:54:58.952Z	└ ƒ /api/[...slug]
2026-09-12T20:54:58.952Z	
2026-09-12T20:54:58.952Z	
2026-09-12T20:54:58.952Z	○  (Static)   prerendered as static content
2026-09-12T20:54:58.952Z	ƒ  (Dynamic)  server-rendered on demand
2026-09-12T20:54:58.952Z	
2026-09-12T20:55:00.908Z	
2026-09-12T20:55:00.908Z	┌─────────────────────────────┐
2026-09-12T20:55:00.908Z	│ OpenNext — Cloudflare build │
2026-09-12T20:55:00.908Z	└─────────────────────────────┘
2026-09-12T20:55:00.908Z	
2026-09-12T20:55:01.083Z	App directory: /opt/buildhome/repo
2026-09-12T20:55:01.084Z	Next.js version : 16.3.3
2026-09-12T20:55:01.086Z	@opennextjs/cloudflare version: 1.20.6
2026-09-12T20:55:01.086Z	@opennextjs/aws version: 4.1.4
2026-09-12T20:55:01.087Z	WARN workerd compatibility_date: 2025-08-15, consider updating your wrangler config to a more recent date to benefit from the latest features and fixes.
2026-09-12T20:55:01.088Z	
2026-09-12T20:55:01.088Z	┌─────────────────────────────────┐
2026-09-12T20:55:01.089Z	│ OpenNext — Building Next.js app │
2026-09-12T20:55:01.089Z	└─────────────────────────────────┘
2026-09-12T20:55:01.089Z	
2026-09-12T20:55:01.108Z	$ cross-env NODE_OPTIONS="--no-deprecation --max-old-space-size=8000" next build && opennextjs-cloudflare build
2026-09-12T20:55:01.597Z	▲ Next.js 16.3.3 (Turbopack)
2026-09-12T20:55:01.635Z	✓ Running next.config.ts took 37ms
2026-09-12T20:55:01.753Z	- Experiments (use with caution):
2026-09-12T20:55:01.753Z	  ⨯ turbopackServerFastRefresh
2026-09-12T20:55:01.753Z	
2026-09-12T20:55:01.789Z	  Creating an optimized production build ...
2026-09-12T20:55:03.818Z	✓ Compiled successfully in 1224ms
2026-09-12T20:55:03.822Z	  Running TypeScript ...
2026-09-12T20:55:07.828Z	  Finished TypeScript in 4.0s ...
2026-09-12T20:55:07.835Z	  Collecting page data using 3 workers ...
2026-09-12T20:55:09.941Z	⎔ Establishing remote connection...
2026-09-12T20:55:10.362Z	⎔ Establishing remote connection...
2026-09-12T20:55:11.918Z	  Generating static pages using 3 workers (0/2) ...
2026-09-12T20:55:12.110Z	✓ Generating static pages using 3 workers (2/2) in 191ms
2026-09-12T20:55:12.126Z	  Finalizing page optimization ...
2026-09-12T20:55:15.614Z	
2026-09-12T20:55:15.618Z	Route (app)
2026-09-12T20:55:15.618Z	┌ ○ /_not-found
2026-09-12T20:55:15.618Z	├ ƒ /admin/[[...segments]]
2026-09-12T20:55:15.618Z	└ ƒ /api/[...slug]
2026-09-12T20:55:15.618Z	
2026-09-12T20:55:15.618Z	
2026-09-12T20:55:15.618Z	○  (Static)   prerendered as static content
2026-09-12T20:55:15.618Z	ƒ  (Dynamic)  server-rendered on demand
2026-09-12T20:55:15.618Z	
2026-09-12T20:55:17.530Z	
2026-09-12T20:55:17.530Z	┌─────────────────────────────┐
2026-09-12T20:55:17.530Z	│ OpenNext — Cloudflare build │
2026-09-12T20:55:17.530Z	└─────────────────────────────┘
2026-09-12T20:55:17.530Z	
2026-09-12T20:55:17.646Z	App directory: /opt/buildhome/repo
2026-09-12T20:55:17.646Z	Next.js version : 16.3.3
2026-09-12T20:55:17.648Z	@opennextjs/cloudflare version: 1.20.6
2026-09-12T20:55:17.648Z	@opennextjs/aws version: 4.1.4
2026-09-12T20:55:17.648Z	WARN workerd compatibility_date: 2025-08-15, consider updating your wrangler config to a more recent date to benefit from the latest features and fixes.
2026-09-12T20:55:17.650Z	
2026-09-12T20:55:17.650Z	┌─────────────────────────────────┐
2026-09-12T20:55:17.650Z	│ OpenNext — Building Next.js app │
2026-09-12T20:55:17.650Z	└─────────────────────────────────┘
2026-09-12T20:55:17.650Z	
2026-09-12T20:55:17.667Z	$ cross-env NODE_OPTIONS="--no-deprecation --max-old-space-size=8000" next build && opennextjs-cloudflare build
2026-09-12T20:55:18.109Z	▲ Next.js 16.3.3 (Turbopack)
2026-09-12T20:55:18.145Z	✓ Running next.config.ts took 36ms
2026-09-12T20:55:18.264Z	- Experiments (use with caution):
2026-09-12T20:55:18.265Z	  ⨯ turbopackServerFastRefresh
2026-09-12T20:55:18.265Z	
2026-09-12T20:55:18.306Z	  Creating an optimized production build ...
2026-09-12T20:55:20.419Z	✓ Compiled successfully in 1299ms
2026-09-12T20:55:20.425Z	  Running TypeScript ...
2026-09-12T20:55:24.766Z	  Finished TypeScript in 4.3s ...
2026-09-12T20:55:24.777Z	  Collecting page data using 3 workers ...
2026-09-12T20:55:26.860Z	⎔ Establishing remote connection...
2026-09-12T20:55:27.027Z	⎔ Establishing remote connection...
2026-09-12T20:55:28.706Z	  Generating static pages using 3 workers (0/2) ...
2026-09-12T20:55:29.069Z	✓ Generating static pages using 3 workers (2/2) in 364ms
2026-09-12T20:55:29.088Z	  Finalizing page optimization ...
2026-09-12T20:55:33.613Z	
2026-09-12T20:55:33.622Z	Route (app)
2026-09-12T20:55:33.622Z	┌ ○ /_not-found
2026-09-12T20:55:33.622Z	├ ƒ /admin/[[...segments]]
2026-09-12T20:55:33.622Z	└ ƒ /api/[...slug]
2026-09-12T20:55:33.622Z	
2026-09-12T20:55:33.622Z	
2026-09-12T20:55:33.622Z	○  (Static)   prerendered as static content
2026-09-12T20:55:33.622Z	ƒ  (Dynamic)  server-rendered on demand
2026-09-12T20:55:33.623Z	
2026-09-12T20:55:36.006Z	
2026-09-12T20:55:36.006Z	┌─────────────────────────────┐
2026-09-12T20:55:36.006Z	│ OpenNext — Cloudflare build │
2026-09-12T20:55:36.006Z	└─────────────────────────────┘
2026-09-12T20:55:36.006Z	
2026-09-12T20:55:36.165Z	App directory: /opt/buildhome/repo
2026-09-12T20:55:36.166Z	Next.js version : 16.3.3
2026-09-12T20:55:36.169Z	@opennextjs/cloudflare version: 1.20.6
2026-09-12T20:55:36.169Z	@opennextjs/aws version: 4.1.4
2026-09-12T20:55:36.170Z	WARN workerd compatibility_date: 2025-08-15, consider updating your wrangler config to a more recent date to benefit from the latest features and fixes.
2026-09-12T20:55:36.171Z	
2026-09-12T20:55:36.171Z	┌─────────────────────────────────┐
2026-09-12T20:55:36.171Z	│ OpenNext — Building Next.js app │
2026-09-12T20:55:36.171Z	└─────────────────────────────────┘
2026-09-12T20:55:36.171Z	
2026-09-12T20:55:36.190Z	$ cross-env NODE_OPTIONS="--no-deprecation --max-old-space-size=8000" next build && opennextjs-cloudflare build
2026-09-12T20:55:36.872Z	▲ Next.js 16.3.3 (Turbopack)
2026-09-12T20:55:36.926Z	✓ Running next.config.ts took 54ms
2026-09-12T20:55:37.069Z	- Experiments (use with caution):
2026-09-12T20:55:37.069Z	  ⨯ turbopackServerFastRefresh
2026-09-12T20:55:37.069Z	
2026-09-12T20:55:37.141Z	  Creating an optimized production build ...
2026-09-12T20:55:38.854Z	✓ Compiled successfully in 855ms
2026-09-12T20:55:38.859Z	  Running TypeScript ...
2026-09-12T20:55:42.907Z	  Finished TypeScript in 4.0s ...
2026-09-12T20:55:42.917Z	  Collecting page data using 3 workers ...
2026-09-12T20:55:45.167Z	⎔ Establishing remote connection...
2026-09-12T20:55:45.364Z	⎔ Establishing remote connection...
2026-09-12T20:55:47.024Z	  Generating static pages using 3 workers (0/2) ...
2026-09-12T20:55:47.240Z	✓ Generating static pages using 3 workers (2/2) in 217ms
2026-09-12T20:55:47.256Z	  Finalizing page optimization ...
2026-09-12T20:55:51.620Z	
2026-09-12T20:55:51.627Z	Route (app)
2026-09-12T20:55:51.628Z	┌ ○ /_not-found
2026-09-12T20:55:51.628Z	├ ƒ /admin/[[...segments]]
2026-09-12T20:55:51.628Z	└ ƒ /api/[...slug]
2026-09-12T20:55:51.628Z	
2026-09-12T20:55:51.628Z	
2026-09-12T20:55:51.628Z	○  (Static)   prerendered as static content
2026-09-12T20:55:51.628Z	ƒ  (Dynamic)  server-rendered on demand
2026-09-12T20:55:51.628Z	
2026-09-12T20:55:54.223Z	
2026-09-12T20:55:54.223Z	┌─────────────────────────────┐
2026-09-12T20:55:54.223Z	│ OpenNext — Cloudflare build │
2026-09-12T20:55:54.223Z	└─────────────────────────────┘
2026-09-12T20:55:54.224Z	
2026-09-12T20:55:54.224Z	App directory: /opt/buildhome/repo
2026-09-12T20:55:54.224Z	Next.js version : 16.3.3
2026-09-12T20:55:54.224Z	@opennextjs/cloudflare version: 1.20.6
2026-09-12T20:55:54.224Z	@opennextjs/aws version: 4.1.4
2026-09-12T20:55:54.224Z	
2026-09-12T20:55:54.224Z	┌─────────────────────────────────┐
2026-09-12T20:55:54.225Z	│ OpenNext — Building Next.js app │
2026-09-12T20:55:54.225Z	└─────────────────────────────────┘
2026-09-12T20:55:54.225Z	
2026-09-12T20:55:54.225Z	WARN workerd compatibility_date: 2025-08-15, consider updating your wrangler config to a more recent date to benefit from the latest features and fixes.
2026-09-12T20:55:56.367Z	$ cross-env NODE_OPTIONS="--no-deprecation --max-old-space-size=8000" next build && opennextjs-cloudflare build
2026-09-12T20:55:56.903Z	▲ Next.js 16.3.3 (Turbopack)
2026-09-12T20:55:56.959Z	✓ Running next.config.ts took 55ms
2026-09-12T20:55:57.123Z	- Experiments (use with caution):
2026-09-12T20:55:57.124Z	  ⨯ turbopackServerFastRefresh
2026-09-12T20:55:57.124Z	
2026-09-12T20:55:57.280Z	  Creating an optimized production build ...
2026-09-12T20:55:59.681Z	✓ Compiled successfully in 1480ms
2026-09-12T20:55:59.686Z	  Running TypeScript ...
2026-09-12T20:56:03.682Z	  Finished TypeScript in 4.0s ...
2026-09-12T20:56:03.695Z	  Collecting page data using 3 workers ...
2026-09-12T20:56:05.936Z	⎔ Establishing remote connection...
2026-09-12T20:56:06.083Z	⎔ Establishing remote connection...
2026-09-12T20:56:07.785Z	  Generating static pages using 3 workers (0/2) ...
2026-09-12T20:56:08.123Z	✓ Generating static pages using 3 workers (2/2) in 338ms
2026-09-12T20:56:08.146Z	  Finalizing page optimization ...
2026-09-12T20:56:11.570Z	
2026-09-12T20:56:11.574Z	Route (app)
2026-09-12T20:56:11.576Z	┌ ○ /_not-found
2026-09-12T20:56:11.576Z	├ ƒ /admin/[[...segments]]
2026-09-12T20:56:11.577Z	└ ƒ /api/[...slug]
2026-09-12T20:56:11.577Z	
2026-09-12T20:56:11.577Z	
2026-09-12T20:56:11.578Z	○  (Static)   prerendered as static content
2026-09-12T20:56:11.578Z	ƒ  (Dynamic)  server-rendered on demand
2026-09-12T20:56:11.578Z	
2026-09-12T20:56:15.714Z	
2026-09-12T20:56:15.714Z	┌─────────────────────────────┐
2026-09-12T20:56:15.714Z	│ OpenNext — Cloudflare build │
2026-09-12T20:56:15.715Z	└─────────────────────────────┘
2026-09-12T20:56:15.715Z	
2026-09-12T20:56:15.841Z	App directory: /opt/buildhome/repo
2026-09-12T20:56:15.841Z	Next.js version : 16.3.3
2026-09-12T20:56:15.844Z	@opennextjs/cloudflare version: 1.20.6
2026-09-12T20:56:15.844Z	@opennextjs/aws version: 4.1.4
2026-09-12T20:56:15.845Z	WARN workerd compatibility_date: 2025-08-15, consider updating your wrangler config to a more recent date to benefit from the latest features and fixes.
2026-09-12T20:56:15.847Z	
2026-09-12T20:56:15.847Z	┌─────────────────────────────────┐
2026-09-12T20:56:15.847Z	│ OpenNext — Building Next.js app │
2026-09-12T20:56:15.847Z	└─────────────────────────────────┘
2026-09-12T20:56:15.847Z	
2026-09-12T20:56:15.867Z	$ cross-env NODE_OPTIONS="--no-deprecation --max-old-space-size=8000" next build && opennextjs-cloudflare build
2026-09-12T20:56:16.464Z	▲ Next.js 16.3.3 (Turbopack)
2026-09-12T20:56:16.513Z	✓ Running next.config.ts took 49ms
2026-09-12T20:56:16.650Z	- Experiments (use with caution):
2026-09-12T20:56:16.650Z	  ⨯ turbopackServerFastRefresh
2026-09-12T20:56:16.650Z	
2026-09-12T20:56:16.686Z	  Creating an optimized production build ...
2026-09-12T20:56:18.893Z	✓ Compiled successfully in 1371ms
2026-09-12T20:56:18.900Z	  Running TypeScript ...
2026-09-12T20:56:22.874Z	  Finished TypeScript in 4.0s ...
2026-09-12T20:56:22.879Z	  Collecting page data using 3 workers ...
2026-09-12T20:56:24.877Z	⎔ Establishing remote connection...
2026-09-12T20:56:24.940Z	⎔ Establishing remote connection...
2026-09-12T20:56:26.840Z	  Generating static pages using 3 workers (0/2) ...
2026-09-12T20:56:27.038Z	✓ Generating static pages using 3 workers (2/2) in 197ms
2026-09-12T20:56:27.048Z	  Finalizing page optimization ...
2026-09-12T20:56:30.151Z	
2026-09-12T20:56:30.155Z	Route (app)
2026-09-12T20:56:30.155Z	┌ ○ /_not-found
2026-09-12T20:56:30.156Z	├ ƒ /admin/[[...segments]]
2026-09-12T20:56:30.156Z	└ ƒ /api/[...slug]
2026-09-12T20:56:30.156Z	
2026-09-12T20:56:30.156Z	
2026-09-12T20:56:30.156Z	○  (Static)   prerendered as static content
2026-09-12T20:56:30.156Z	ƒ  (Dynamic)  server-rendered on demand
2026-09-12T20:56:30.156Z	
2026-09-12T20:56:32.003Z	
2026-09-12T20:56:32.003Z	┌─────────────────────────────┐
2026-09-12T20:56:32.003Z	│ OpenNext — Cloudflare build │
2026-09-12T20:56:32.003Z	└─────────────────────────────┘
2026-09-12T20:56:32.003Z	
2026-09-12T20:56:32.146Z	App directory: /opt/buildhome/repo
2026-09-12T20:56:32.146Z	Next.js version : 16.3.3
2026-09-12T20:56:32.149Z	@opennextjs/cloudflare version: 1.20.6
2026-09-12T20:56:32.149Z	@opennextjs/aws version: 4.1.4
2026-09-12T20:56:32.149Z	WARN workerd compatibility_date: 2025-08-15, consider updating your wrangler config to a more recent date to benefit from the latest features and fixes.
2026-09-12T20:56:32.151Z	
2026-09-12T20:56:32.151Z	┌─────────────────────────────────┐
2026-09-12T20:56:32.151Z	│ OpenNext — Building Next.js app │
2026-09-12T20:56:32.151Z	└─────────────────────────────────┘
2026-09-12T20:56:32.151Z	
2026-09-12T20:56:32.167Z	$ cross-env NODE_OPTIONS="--no-deprecation --max-old-space-size=8000" next build && opennextjs-cloudflare build
2026-09-12T20:56:32.706Z	▲ Next.js 16.3.3 (Turbopack)
2026-09-12T20:56:32.751Z	✓ Running next.config.ts took 48ms
2026-09-12T20:56:32.866Z	- Experiments (use with caution):
2026-09-12T20:56:32.867Z	  ⨯ turbopackServerFastRefresh
2026-09-12T20:56:32.867Z	
2026-09-12T20:56:32.905Z	  Creating an optimized production build ...
2026-09-12T20:56:35.216Z	✓ Compiled successfully in 1455ms
2026-09-12T20:56:35.222Z	  Running TypeScript ...
2026-09-12T20:56:39.402Z	  Finished TypeScript in 4.2s ...
2026-09-12T20:56:39.407Z	  Collecting page data using 3 workers ...
2026-09-12T20:56:41.317Z	⎔ Establishing remote connection...
2026-09-12T20:56:41.671Z	⎔ Establishing remote connection...
2026-09-12T20:56:43.210Z	  Generating static pages using 3 workers (0/2) ...
2026-09-12T20:56:43.393Z	✓ Generating static pages using 3 workers (2/2) in 183ms
2026-09-12T20:56:43.400Z	  Finalizing page optimization ...
2026-09-12T20:56:46.203Z	
2026-09-12T20:56:46.206Z	Route (app)
2026-09-12T20:56:46.206Z	┌ ○ /_not-found
2026-09-12T20:56:46.206Z	├ ƒ /admin/[[...segments]]
2026-09-12T20:56:46.206Z	└ ƒ /api/[...slug]
2026-09-12T20:56:46.206Z	
2026-09-12T20:56:46.206Z	
2026-09-12T20:56:46.206Z	○  (Static)   prerendered as static content
2026-09-12T20:56:46.206Z	ƒ  (Dynamic)  server-rendered on demand
2026-09-12T20:56:46.206Z	
2026-09-12T20:56:47.822Z	
2026-09-12T20:56:47.822Z	┌─────────────────────────────┐
2026-09-12T20:56:47.822Z	│ OpenNext — Cloudflare build │
2026-09-12T20:56:47.822Z	└─────────────────────────────┘
2026-09-12T20:56:47.822Z	
2026-09-12T20:56:47.947Z	App directory: /opt/buildhome/repo
2026-09-12T20:56:47.948Z	Next.js version : 16.3.3
2026-09-12T20:56:47.949Z	@opennextjs/cloudflare version: 1.20.6
2026-09-12T20:56:47.950Z	@opennextjs/aws version: 4.1.4
2026-09-12T20:56:47.950Z	WARN workerd compatibility_date: 2025-08-15, consider updating your wrangler config to a more recent date to benefit from the latest features and fixes.
2026-09-12T20:56:47.951Z	
2026-09-12T20:56:47.951Z	┌─────────────────────────────────┐
2026-09-12T20:56:47.951Z	│ OpenNext — Building Next.js app │
2026-09-12T20:56:47.952Z	└─────────────────────────────────┘
2026-09-12T20:56:47.952Z	
2026-09-12T20:56:47.971Z	$ cross-env NODE_OPTIONS="--no-deprecation --max-old-space-size=8000" next build && opennextjs-cloudflare build
2026-09-12T20:56:48.436Z	▲ Next.js 16.3.3 (Turbopack)
2026-09-12T20:56:53.601Z	✓ Running next.config.ts took 5.2s
2026-09-12T20:56:53.697Z	- Experiments (use with caution):
2026-09-12T20:56:53.697Z	  ⨯ turbopackServerFastRefresh
2026-09-12T20:56:53.697Z	
2026-09-12T20:56:53.736Z	  Creating an optimized production build ...
2026-09-12T20:56:54.996Z	✓ Compiled successfully in 507ms
2026-09-12T20:56:55.000Z	  Running TypeScript ...
2026-09-12T20:56:58.823Z	  Finished TypeScript in 3.8s ...
2026-09-12T20:56:58.826Z	  Collecting page data using 3 workers ...
2026-09-12T20:57:00.840Z	⎔ Establishing remote connection...
2026-09-12T20:57:01.034Z	⎔ Establishing remote connection...
2026-09-12T20:57:02.888Z	  Generating static pages using 3 workers (0/2) ...
2026-09-12T20:57:03.196Z	✓ Generating static pages using 3 workers (2/2) in 307ms
2026-09-12T20:57:03.210Z	  Finalizing page optimization ...
2026-09-12T20:57:04.972Z	
2026-09-12T20:57:04.976Z	Route (app)
2026-09-12T20:57:04.976Z	┌ ○ /_not-found
2026-09-12T20:57:04.976Z	├ ƒ /admin/[[...segments]]
2026-09-12T20:57:04.976Z	└ ƒ /api/[...slug]
2026-09-12T20:57:04.976Z	
2026-09-12T20:57:04.976Z	
2026-09-12T20:57:04.976Z	○  (Static)   prerendered as static content
2026-09-12T20:57:04.976Z	ƒ  (Dynamic)  server-rendered on demand
2026-09-12T20:57:04.976Z	
2026-09-12T20:57:07.023Z	
2026-09-12T20:57:07.023Z	┌─────────────────────────────┐
2026-09-12T20:57:07.023Z	│ OpenNext — Cloudflare build │
2026-09-12T20:57:07.023Z	└─────────────────────────────┘
2026-09-12T20:57:07.023Z	
2026-09-12T20:57:07.187Z	App directory: /opt/buildhome/repo
2026-09-12T20:57:07.187Z	Next.js version : 16.3.3
2026-09-12T20:57:07.189Z	@opennextjs/cloudflare version: 1.20.6
2026-09-12T20:57:07.190Z	@opennextjs/aws version: 4.1.4
2026-09-12T20:57:07.190Z	WARN workerd compatibility_date: 2025-08-15, consider updating your wrangler config to a more recent date to benefit from the latest features and fixes.
2026-09-12T20:57:07.192Z	
2026-09-12T20:57:07.192Z	┌─────────────────────────────────┐
2026-09-12T20:57:07.192Z	│ OpenNext — Building Next.js app │
2026-09-12T20:57:07.192Z	└─────────────────────────────────┘
2026-09-12T20:57:07.192Z	
2026-09-12T20:57:07.211Z	$ cross-env NODE_OPTIONS="--no-deprecation --max-old-space-size=8000" next build && opennextjs-cloudflare build
2026-09-12T20:57:07.765Z	▲ Next.js 16.3.3 (Turbopack)
2026-09-12T20:57:07.819Z	✓ Running next.config.ts took 53ms
2026-09-12T20:57:07.936Z	- Experiments (use with caution):
2026-09-12T20:57:07.936Z	  ⨯ turbopackServerFastRefresh
2026-09-12T20:57:07.937Z	
2026-09-12T20:57:07.975Z	  Creating an optimized production build ...
2026-09-12T20:57:17.045Z	✓ Compiled successfully in 8.2s
2026-09-12T20:57:17.048Z	  Running TypeScript ...
2026-09-12T20:57:21.678Z	  Finished TypeScript in 4.6s ...
2026-09-12T20:57:21.687Z	  Collecting page data using 3 workers ...
2026-09-12T20:57:24.206Z	⎔ Establishing remote connection...
2026-09-12T20:57:24.393Z	⎔ Establishing remote connection...
2026-09-12T20:57:26.315Z	  Generating static pages using 3 workers (0/2) ...
2026-09-12T20:57:26.590Z	✓ Generating static pages using 3 workers (2/2) in 275ms
2026-09-12T20:57:26.600Z	  Finalizing page optimization ...
2026-09-12T20:57:27.997Z	
2026-09-12T20:57:28.000Z	Route (app)
2026-09-12T20:57:28.001Z	┌ ○ /_not-found
2026-09-12T20:57:28.001Z	├ ƒ /admin/[[...segments]]
2026-09-12T20:57:28.001Z	└ ƒ /api/[...slug]
2026-09-12T20:57:28.001Z	
2026-09-12T20:57:28.001Z	
2026-09-12T20:57:28.001Z	○  (Static)   prerendered as static content
2026-09-12T20:57:28.001Z	ƒ  (Dynamic)  server-rendered on demand
2026-09-12T20:57:28.001Z	
2026-09-12T20:57:30.152Z	
2026-09-12T20:57:30.152Z	┌─────────────────────────────┐
2026-09-12T20:57:30.153Z	│ OpenNext — Cloudflare build │
2026-09-12T20:57:30.153Z	└─────────────────────────────┘
2026-09-12T20:57:30.153Z	
2026-09-12T20:57:30.302Z	App directory: /opt/buildhome/repo
2026-09-12T20:57:30.302Z	Next.js version : 16.3.3
2026-09-12T20:57:30.304Z	@opennextjs/cloudflare version: 1.20.6
2026-09-12T20:57:30.304Z	@opennextjs/aws version: 4.1.4
2026-09-12T20:57:30.304Z	WARN workerd compatibility_date: 2025-08-15, consider updating your wrangler config to a more recent date to benefit from the latest features and fixes.
2026-09-12T20:57:30.306Z	
2026-09-12T20:57:30.306Z	┌─────────────────────────────────┐
2026-09-12T20:57:30.306Z	│ OpenNext — Building Next.js app │
2026-09-12T20:57:30.306Z	└─────────────────────────────────┘
2026-09-12T20:57:30.306Z	
2026-09-12T20:57:30.323Z	$ cross-env NODE_OPTIONS="--no-deprecation --max-old-space-size=8000" next build && opennextjs-cloudflare build
2026-09-12T20:57:30.833Z	▲ Next.js 16.3.3 (Turbopack)
2026-09-12T20:57:30.889Z	✓ Running next.config.ts took 55ms
2026-09-12T20:57:31.001Z	- Experiments (use with caution):
2026-09-12T20:57:31.002Z	  ⨯ turbopackServerFastRefresh
2026-09-12T20:57:31.002Z	
2026-09-12T20:57:31.060Z	  Creating an optimized production build ...
2026-09-12T20:57:39.556Z	✓ Compiled successfully in 7.7s
2026-09-12T20:57:39.564Z	  Running TypeScript ...
2026-09-12T20:57:44.339Z	  Finished TypeScript in 4.8s ...
2026-09-12T20:57:44.345Z	  Collecting page data using 3 workers ...
2026-09-12T20:57:46.618Z	⎔ Establishing remote connection...
2026-09-12T20:57:46.941Z	⎔ Establishing remote connection...
2026-09-12T20:57:50.499Z	  Generating static pages using 3 workers (0/2) ...
2026-09-12T20:57:52.979Z	✓ Generating static pages using 3 workers (2/2) in 2.5s
2026-09-12T20:57:52.991Z	  Finalizing page optimization ...
2026-09-12T20:57:58.946Z	
2026-09-12T20:57:58.948Z	Route (app)
2026-09-12T20:57:58.948Z	┌ ○ /_not-found
2026-09-12T20:57:58.948Z	├ ƒ /admin/[[...segments]]
2026-09-12T20:57:58.948Z	└ ƒ /api/[...slug]
2026-09-12T20:57:58.948Z	
2026-09-12T20:57:58.948Z	
2026-09-12T20:57:58.948Z	○  (Static)   prerendered as static content
2026-09-12T20:57:58.949Z	ƒ  (Dynamic)  server-rendered on demand
2026-09-12T20:57:58.949Z	
2026-09-12T20:58:03.314Z	
2026-09-12T20:58:03.314Z	┌─────────────────────────────┐
2026-09-12T20:58:03.314Z	│ OpenNext — Cloudflare build │
2026-09-12T20:58:03.314Z	└─────────────────────────────┘
2026-09-12T20:58:03.314Z	
2026-09-12T20:58:03.469Z	App directory: /opt/buildhome/repo
2026-09-12T20:58:03.469Z	Next.js version : 16.3.3
2026-09-12T20:58:03.471Z	@opennextjs/cloudflare version: 1.20.6
2026-09-12T20:58:03.471Z	@opennextjs/aws version: 4.1.4
2026-09-12T20:58:03.472Z	WARN workerd compatibility_date: 2025-08-15, consider updating your wrangler config to a more recent date to benefit from the latest features and fixes.
2026-09-12T20:58:04.462Z	
2026-09-12T20:58:04.463Z	┌─────────────────────────────────┐
2026-09-12T20:58:04.463Z	│ OpenNext — Building Next.js app │
2026-09-12T20:58:04.463Z	└─────────────────────────────────┘
2026-09-12T20:58:04.463Z	
2026-09-12T20:58:06.591Z	$ cross-env NODE_OPTIONS="--no-deprecation --max-old-space-size=8000" next build && opennextjs-cloudflare build
2026-09-12T20:58:07.137Z	▲ Next.js 16.3.3 (Turbopack)
2026-09-12T20:58:08.466Z	✓ Running next.config.ts took 1330ms
2026-09-12T20:58:17.692Z	- Experiments (use with caution):
2026-09-12T20:58:17.692Z	  ⨯ turbopackServerFastRefresh
2026-09-12T20:58:17.692Z	
2026-09-12T20:58:17.764Z	  Creating an optimized production build ...
2026-09-12T20:58:21.427Z	✓ Compiled successfully in 2.8s
2026-09-12T20:58:21.432Z	  Running TypeScript ...
2026-09-12T20:58:40.529Z	  Finished TypeScript in 19.1s ...
2026-09-12T20:58:40.534Z	  Collecting page data using 3 workers ...
2026-09-12T20:58:43.330Z	⎔ Establishing remote connection...
2026-09-12T20:58:43.458Z	⎔ Establishing remote connection...
2026-09-12T20:58:46.612Z	  Generating static pages using 3 workers (0/2) ...
2026-09-12T20:58:46.908Z	✓ Generating static pages using 3 workers (2/2) in 296ms
2026-09-12T20:58:46.920Z	  Finalizing page optimization ...
2026-09-12T20:58:50.335Z	
2026-09-12T20:58:50.340Z	Route (app)
2026-09-12T20:58:50.341Z	┌ ○ /_not-found
2026-09-12T20:58:50.341Z	├ ƒ /admin/[[...segments]]
2026-09-12T20:58:50.341Z	└ ƒ /api/[...slug]
2026-09-12T20:58:50.341Z	
2026-09-12T20:58:50.341Z	
2026-09-12T20:58:50.341Z	○  (Static)   prerendered as static content
2026-09-12T20:58:50.341Z	ƒ  (Dynamic)  server-rendered on demand
2026-09-12T20:58:50.341Z	
2026-09-12T20:58:59.143Z	
2026-09-12T20:58:59.143Z	┌─────────────────────────────┐
2026-09-12T20:58:59.143Z	│ OpenNext — Cloudflare build │
2026-09-12T20:58:59.143Z	└─────────────────────────────┘
2026-09-12T20:58:59.143Z	
2026-09-12T20:58:59.301Z	App directory: /opt/buildhome/repo
2026-09-12T20:58:59.301Z	Next.js version : 16.3.3
2026-09-12T20:58:59.304Z	@opennextjs/cloudflare version: 1.20.6
2026-09-12T20:58:59.304Z	@opennextjs/aws version: 4.1.4
2026-09-12T20:58:59.304Z	WARN workerd compatibility_date: 2025-08-15, consider updating your wrangler config to a more recent date to benefit from the latest features and fixes.
2026-09-12T20:58:59.313Z	
2026-09-12T20:58:59.313Z	┌─────────────────────────────────┐
2026-09-12T20:58:59.313Z	│ OpenNext — Building Next.js app │
2026-09-12T20:58:59.313Z	└─────────────────────────────────┘
2026-09-12T20:58:59.313Z	
2026-09-12T20:58:59.363Z	$ cross-env NODE_OPTIONS="--no-deprecation --max-old-space-size=8000" next build && opennextjs-cloudflare build
2026-09-12T20:59:00.057Z	▲ Next.js 16.3.3 (Turbopack)
2026-09-12T20:59:00.129Z	✓ Running next.config.ts took 72ms
2026-09-12T20:59:00.260Z	- Experiments (use with caution):
2026-09-12T20:59:00.260Z	  ⨯ turbopackServerFastRefresh
2026-09-12T20:59:00.260Z	
2026-09-12T20:59:00.324Z	  Creating an optimized production build ...
2026-09-12T20:59:08.371Z	✓ Compiled successfully in 7.2s
2026-09-12T20:59:08.379Z	  Running TypeScript ...
2026-09-12T20:59:16.280Z	  Finished TypeScript in 7.9s ...
2026-09-12T20:59:16.285Z	  Collecting page data using 3 workers ...
2026-09-12T20:59:18.853Z	⎔ Establishing remote connection...
2026-09-12T20:59:18.922Z	⎔ Establishing remote connection...
2026-09-12T20:59:21.507Z	  Generating static pages using 3 workers (0/2) ...
2026-09-12T20:59:22.696Z	✓ Generating static pages using 3 workers (2/2) in 1369ms
2026-09-12T20:59:22.927Z	  Finalizing page optimization ...
2026-09-12T20:59:24.294Z	
2026-09-12T20:59:24.297Z	Route (app)
2026-09-12T20:59:24.298Z	┌ ○ /_not-found
2026-09-12T20:59:24.298Z	├ ƒ /admin/[[...segments]]
2026-09-12T20:59:24.298Z	└ ƒ /api/[...slug]
2026-09-12T20:59:24.298Z	
2026-09-12T20:59:24.298Z	
2026-09-12T20:59:24.298Z	○  (Static)   prerendered as static content
2026-09-12T20:59:24.306Z	ƒ  (Dynamic)  server-rendered on demand
2026-09-12T20:59:24.306Z	
2026-09-12T20:59:33.455Z	
2026-09-12T20:59:33.455Z	┌─────────────────────────────┐
2026-09-12T20:59:33.455Z	│ OpenNext — Cloudflare build │
2026-09-12T20:59:33.455Z	└─────────────────────────────┘
2026-09-12T20:59:33.455Z	
2026-09-12T20:59:34.075Z	App directory: /opt/buildhome/repo
2026-09-12T20:59:34.076Z	Next.js version : 16.3.3
2026-09-12T20:59:34.078Z	@opennextjs/cloudflare version: 1.20.6
2026-09-12T20:59:34.078Z	@opennextjs/aws version: 4.1.4
2026-09-12T20:59:34.078Z	WARN workerd compatibility_date: 2025-08-15, consider updating your wrangler config to a more recent date to benefit from the latest features and fixes.
2026-09-12T20:59:34.083Z	
2026-09-12T20:59:34.083Z	┌─────────────────────────────────┐
2026-09-12T20:59:34.083Z	│ OpenNext — Building Next.js app │
2026-09-12T20:59:34.083Z	└─────────────────────────────────┘
2026-09-12T20:59:34.083Z	
2026-09-12T20:59:35.399Z	$ cross-env NODE_OPTIONS="--no-deprecation --max-old-space-size=8000" next build && opennextjs-cloudflare build
2026-09-12T20:59:35.943Z	▲ Next.js 16.3.3 (Turbopack)
2026-09-12T20:59:36.614Z	✓ Running next.config.ts took 671ms
2026-09-12T20:59:36.742Z	- Experiments (use with caution):
2026-09-12T20:59:36.743Z	  ⨯ turbopackServerFastRefresh
2026-09-12T20:59:36.743Z	
2026-09-12T20:59:36.800Z	  Creating an optimized production build ...
2026-09-12T20:59:42.102Z	✓ Compiled successfully in 4.4s
2026-09-12T20:59:42.102Z	  Running TypeScript ...
2026-09-12T20:59:48.151Z	  Finished TypeScript in 6.0s ...
2026-09-12T20:59:48.151Z	  Collecting page data using 3 workers ...
2026-09-12T20:59:51.469Z	⎔ Establishing remote connection...